#W
2693541,-8235195;-155,-167;-53,-42
2699602,-8219577;-17,-49
2699567,-8219617;18,51
2688793,-8202047;-38,37
2688761,-8201990;33,-32
2696013,-8221224;-382,-91
2695636,-8221288;371,88
2700558,-8213126;14,-20
2700553,-8213150;-14,20
2700611,-8213142;-14,20
2699376,-8211524;-18,26
2699372,-8211486;18,-24
2693960,-8205308;65,-49;1126,-771
2693961,-8205299;96,-71;1100,-752
2688947,-8230910;148,0
2689096,-8230925;-149,0
2693073,-8233667;38,-6
2692247,-8233141;40,-19
2692339,-8233149;-54,7;-11,-29;15,-29
2692562,-8235692;-92,-61
2695256,-8206223;-98,59;-97,48;-1190,518;-116,67;-102,87
2693649,-8205449;104,-89;48,-31;72,-39;1214,-528;78,-40;88,-54
2697992,-8195938;-119,-3
2697872,-8195919;120,3
2692656,-8201458;45,-96
2693862,-8234496;2,-55
2693612,-8233137;-23,82
2693603,-8233036;23,-82
2696112,-8221228;-249,-60
2695869,-8221287;0,-4
2697506,-8208999;10,-15
2698214,-8207557;21,0
2698235,-8207553;-21,0
2697371,-8213582;1,-48
2699023,-8214081;-32,-19
2698993,-8214104;33,20
2700180,-8209720;24,0
2697126,-8213104;-40,0
2696879,-8213106;-46,1
2696222,-8213108;-39,0
2702112,-8220526;38,0
2698865,-8216409;-1,-31
2700663,-8222221;41,0
2701614,-8222678;14,-40
2700869,-8224427;-16,30
2696197,-8216454;17,-30
2696432,-8208225;0,-30
2696421,-8208256;0,37
2696444,-8208258;-1,29
2699943,-8210873;-6,-27
2699923,-8210904;7,31
2694451,-8224728;30,-2
2691749,-8226235;0,36
2692293,-8223776;-18,14
2687037,-8231777;-60,-11
2702565,-8210904;30,87
2702612,-8210814;-31,-96
2702540,-8210873;15,46
2688750,-8202318;55,1
2688805,-8202328;-55,-1
2688805,-8202310;-55,-1
2688805,-8202334;-55,-1
2683357,-8226492;15,45;37,70
2683366,-8226494;18,55;32,59
2698784,-8208690;0,-39
2698793,-8208725;0,41
2699124,-8208488;22,-25
2699118,-8208495;21,-25
2699131,-8208481;22,-26
2697105,-8210614;22,-23
2697129,-8210635;-29,30
2697119,-8210643;-26,27
2697081,-8210611;41,-43
2691714,-8208657;1,31
2691719,-8208661;0,39
2692465,-8206499;-2,49
2692472,-8206450;1,-48
2692480,-8206498;-1,48
2692162,-8207434;-34,-34
2692136,-8207467;17,16
2692124,-8207460;38,36
2682605,-8227032;185,60
2682790,-8226972;58,12;63,20
2680813,-8227630;72,23
2680888,-8227612;-73,-24
2681535,-8227384;218,71
2902553,-8266935;-60,0
2902491,-8266915;60,1
2883726,-8264791;-24,87
2890211,-8264603;-96,64
2891577,-8262776;58,0
2883229,-8266289;-15,23
2883224,-8266033;24,60
2878760,-8262266;-19,60
2880137,-8260214;-30,-81
2628214,-8180197;65,-1
2628278,-8180190;-63,1
2628215,-8180172;64,-1
2587119,-8138263;62,-1
2617246,-8181106;18,52
2617273,-8181059;-18,-50
2617276,-8181062;-16,-48
2596155,-8171055;406,187
2596568,-8170885;-408,-186
2627232,-8182416;0,71
2627237,-8182416;0,71
2612321,-8176241;32,-30
2612360,-8176264;-35,32
2612341,-8176287;-32,30
2593239,-8165684;70,519;12,62;20,61
2616816,-8176712;-38,0
2616815,-8176718;-38,0
2616778,-8176697;39,0
2614572,-8176673;-17,0
2614571,-8176680;-17,0
2614556,-8176658;17,0
2610492,-8174602;-33,29
2610485,-8174608;-31,28
2610473,-8174560;32,-29
2594579,-8173266;-38,0
2594541,-8173271;39,0
2594542,-8173252;37,-1
2598795,-8170232;-67,-2
2598727,-8170218;68,3
2599560,-8170199;-21,-1
2599538,-8170185;22,1
2605023,-8169976;39,2
2605051,-8169996;-40,-2
2596571,-8170893;-407,-187
2614012,-8178623;51,-93
2614071,-8178710;-50,93
2614047,-8178727;-50,93
2614039,-8178732;-51,92
2612304,-8176265;34,-29
2628215,-8180163;64,-1
2610512,-8174581;-31,28
2605737,-8168973;-18,28
2605710,-8168947;19,-29
2605711,-8168984;-19,29
2627297,-8177133;-32,0
2627301,-8176992;-36,-2
2627271,-8176998;25,-1
2627266,-8176975;35,1
2627308,-8173300;29,0
2627338,-8173317;-29,0
2619648,-8181110;0,54
2619643,-8181056;0,-54
2619654,-8181110;0,54
2591244,-8170784;-48,-99
2591248,-8170786;-49,-100
2592337,-8171410;-8,-43
2592340,-8171410;-8,-43
2594724,-8172308;-18,-30
2594710,-8172341;16,27
2595039,-8173735;31,-35
2595043,-8173732;31,-34
2612563,-8177061;-47,1
2612562,-8177067;-46,1
2612516,-8177048;47,-1
2592768,-8170562;-33,0
2593752,-8171954;25,0
2605145,-8170729;2,-56
2605143,-8170732;2,-54
2617434,-8176617;-27,-173
2617393,-8176788;27,174
2629065,-8181854;75,-1
2629064,-8181860;75,-1
2583950,-8138186;-37,59
2583957,-8138182;-37,57
2628929,-8181851;35,-1
2628929,-8181859;36,-1
2626433,-8173719;-2,18
2626441,-8173723;0,31
2626448,-8173721;-1,28
2618076,-8181223;1,42
2618072,-8181181;-1,-42
2618082,-8181223;0,42
2596134,-8172261;49,82
2596187,-8172185;-46,-79
2595000,-8170836;-17,39
2594988,-8170795;17,-39
2594996,-8170841;-19,41
2595222,-8173016;-31,-41
2595197,-8173063;28,41
2595182,-8173049;31,41
2595179,-8173047;31,41
2710841,-8182755;31,1
2843496,-8266671;43,11
2845083,-8266247;12,6
2857577,-8265169;-13,-24
2857467,-8265383;-16,-30
2852188,-8263688;29,20
2848824,-8265123;0,-16
2801979,-8245128;61,1
2802040,-8245119;-61,0
2801979,-8245137;61,0
2797568,-8236050;-31,0
2797722,-8236050;-154,0
2797552,-8236030;186,0
2796664,-8236874;-21,162
2802879,-8258298;59,0
2802929,-8258314;-57,0
2770441,-8244708;-17,-233
2770408,-8244940;17,234
2783779,-8238165;58,0
2783826,-8238184;-56,0
2786118,-8238402;-107,29;-215,40
2785797,-8238324;216,-39;107,-29
2794699,-8240183;-206,-8
2794702,-8240188;-209,-8
2794493,-8240182;206,7
2794702,-8240168;-209,-8
2802071,-8245951;52,-1
2802123,-8245944;-52,-1
2802123,-8245959;-52,0
2795238,-8236994;-3,-202
2795217,-8237201;3,201
2802190,-8243490;38,-25
2802226,-8243520;-38,26
2771917,-8243415;-41,-1
2771878,-8243401;37,1
2794637,-8246142;35,98
2794682,-8246046;-30,-81
2794652,-8246127;-8,-23
2789545,-8234857;-72,98
2795100,-8253338;20,-13
2795119,-8253434;-18,11
2793482,-8243298;-309,374
2793187,-8242909;308,-375
2787836,-8258544;1219,4364
2789071,-8254185;-1146,-4099
2797070,-8261989;-120,-1000
2796942,-8262988;120,1001
2800066,-8259325;-24,36
2800071,-8259321;-19,29
2800072,-8259292;21,-30
2799722,-8258619;22,-78
2799729,-8258703;-23,81
2798140,-8235568;0,235
2798134,-8235342;0,-246
2798154,-8235316;0,-236
2779184,-8235206;2,-71
2779166,-8235287;-2,72
2779207,-8235202;1,-61
2799506,-8234983;-4,-172
2799528,-8235157;20,174
2807393,-8234523;-68,-134
2807302,-8234669;64,135
2805432,-8234467;0,-112
2805439,-8234462;0,-116
2805411,-8234579;0,113
2803602,-8234491;78,129
2788776,-8239884;-22,13
2788768,-8239857;25,-15
2798157,-8247413;-10,-292
2798163,-8247412;-10,-294
2798140,-8247705;10,294
2801043,-8260832;-37,60
2801041,-8260839;-41,64
2801019,-8260762;37,-59
2804547,-8234458;-86,-127
2804441,-8234585;88,129
2804556,-8234457;-92,-136
2799574,-8234746;51,-147;14,-64;2,-98;-17,-106
2799606,-8246617;1,123
2799600,-8246617;1,123
2799628,-8246491;0,-148
2795750,-8253984;24,60;45,59;30,23;27,13;51,14
2795912,-8253834;-28,-70
2795927,-8253815;32,1;39,-7;114,-44
2796031,-8253723;11,-38;37,-57;49,-37;28,-9
2796814,-8254777;-111,-15;-115,7
2796680,-8254709;115,7;107,15
2795499,-8242594;-108,9;-34,-6;-42,-16;-45,-30;-26,-27;-28,-39;-31,-54;-40,-115;-10,-56;-6,-74;5,-83;41,-252;1,-54;-14,-55;-25,-44;-33,-34;-36,-21
2795522,-8242581;-74,15;-27,10;-45,32;-30,35;-14,26;-12,31;-9,43;3,67;103,417;13,77;5,65;-1,70;-10,87;-16,76
2795683,-8242597;-161,16
2795537,-8242614;-78,8;-54,-7;-55,-26;-33,-28
2795713,-8242632;-176,18
2795168,-8242862;27,162;28,59;29,35;45,35;59,21;37,3;97,-15
2795490,-8242562;154,-19
2795644,-8242581;132,-2
2795513,-8242623;-55,4;-43,-5;-52,-23;-32,-25;-23,-27;-18,-33;-58,-158
2795154,-8242863;14,133;11,47;31,63;44,47;54,34;58,14;47,-4;119,-24
2797305,-8258568;10,-72
2797304,-8258641;-10,71
2797314,-8258566;10,-73
2799636,-8246639;-1,148
2800518,-8260223;-40,-32
2800471,-8260248;42,33
2802753,-8258765;23,-66;5,-26
2802785,-8258850;-16,63;-14,33
2802772,-8258884;-7,49;-16,50
2800072,-8258605;32,-32
2800101,-8258641;-31,32
2800096,-8258327;69,0
2800170,-8258320;-69,-1
2800151,-8258346;-70,-1
2800146,-8258353;-69,0
2802605,-8258079;0,-55
2802612,-8258071;0,-64
2802592,-8258134;0,55
2804017,-8257523;-1,41
2804012,-8257524;0,47
2804036,-8257483;0,-38
2804042,-8257522;-1,47
2804016,-8252231;0,54
2804035,-8252155;0,-57
2771640,-8243930;55,-2
2807592,-8234554;-11,77
2795005,-8238536;-180,-3
2776360,-8236368;25,117;11,109
2776404,-8236147;-13,-111;-24,-116
2800868,-8241439;138,-45
2801002,-8241497;-105,34
2800897,-8241463;-32,10
2800870,-8241433;138,-43
2801001,-8241504;-138,44
2801505,-8254189;38,1
2777252,-8240718;44,14
2794157,-8245926;7,17
2794153,-8245934;4,8
2794151,-8245936;2,2
2794165,-8245924;-1,15
2794166,-8245940;-1,16
2794164,-8245909;3,13
2794167,-8245896;7,39
2794174,-8245857;5,28
2794179,-8245829;10,53
2794157,-8245909;23,124
2794193,-8245788;-23,-125
2794176,-8245937;-11,13
2794340,-8245828;-7,-118
2794348,-8245804;-4,-82
2794344,-8245886;-2,-30
2794342,-8245916;-2,-34
2794354,-8245828;-8,-119
2795012,-8246403;4,-80
2795016,-8246483;2,-26
2795018,-8246509;2,-52
2795017,-8246561;-8,157
2795017,-8246405;3,-58
2795020,-8246463;1,-16
2795021,-8246479;2,-29
2795023,-8246508;3,-52
2795030,-8246560;-8,157
2795454,-8246549;-5,39
2795457,-8246548;-5,39
2795452,-8246509;-1,6
2795451,-8246503;-2,19
2795449,-8246484;-1,5
2795448,-8246479;-5,43
2795457,-8246508;6,-39
2795456,-8246502;1,-6
2795454,-8246483;2,-19
2795453,-8246477;1,-6
2795447,-8246434;6,-43
2795464,-8246525;3,-21
2796689,-8247443;-22,-176
2796661,-8247618;22,180
2796674,-8247620;22,171
2795894,-8246815;221,35
2795894,-8246807;220,35
2795895,-8246822;221,35
2801068,-8246439;2,-95
2801062,-8246439;1,-94
2801076,-8246535;-1,96
2793846,-8246398;-20,4;-30,15;-25,18;-19,21
2793752,-8246340;-19,36;-12,42
2793721,-8246262;-18,111
2793703,-8246151;-16,81;-21,45
2793742,-8246460;0,46;-21,152
2793781,-8246132;30,-49;32,-68;19,-18;20,-10
2793778,-8246121;3,-11
2793778,-8246121;47,-68
2793831,-8246193;-49,77
2792036,-8245861;-25,-20
2793703,-8246056;-2,86;-4,21
2793703,-8246151;0,95
2794072,-8244954;71,0;64,18
2794057,-8244952;15,-2
2794204,-8244946;-64,-17;-70,1
2794070,-8244962;-15,2
2794067,-8244947;58,-3;71,16
2794185,-8244960;-65,-11;-58,4
2794047,-8245476;-109,48
2793999,-8245449;-25,11
2793936,-8245434;108,-49
2794049,-8245470;-50,21
2791694,-8245973;-24,-26
2665177,-8185654;-16,-31
2665156,-8185681;17,30
2665182,-8185657;-17,-30
2664337,-8187333;-45,20;-60,16
2665428,-8188028;-1036,664;-55,31
2664233,-8187287;92,-29
2664325,-8187316;71,-40;1036,-664
2664237,-8187276;34,-11;47,-25
2659537,-8187200;-28,0
2659507,-8187182;29,1
2657649,-8189796;42,28
2657653,-8189800;38,25
2657658,-8189806;37,25
2637926,-8186148;-247,102
2633123,-8176926;-1,-29
2633129,-8176956;0,30
2633114,-8176926;0,-29
2633107,-8176958;-1,31
2636080,-8185772;-146,-48
2640462,-8188318;-15,60;-20,118;-38,318
2640049,-8187051;-56,39
2671776,-8176087;-212,31
2647531,-8183710;-13,5
2647524,-8183686;14,-6
2634002,-8180686;-225,21
2634002,-8180696;-225,21
2633777,-8180648;226,-20
2645534,-8195435;67,32;58,21;362,89
2646020,-8195286;-361,-89;-98,-38;-96,-51
2646600,-8195132;49,14
2646649,-8195118;42,12
2646693,-8195094;-95,-26
2662546,-8207443;57,52
2663008,-8207016;26,25
2670208,-8215521;20,-11
2643467,-8181071;42,-2
2643513,-8181065;-43,2
2643504,-8181088;-43,1
2665916,-8187475;-1003,692
2665916,-8187484;-762,529;-322,217
2664900,-8186322;97,-71;60,-57;794,-936;76,-72
2668760,-8179229;117,208
2668891,-8179030;-117,-209
2665061,-8185307;31,25
2668197,-8191056;-10,-26
2668174,-8191064;9,22
2649936,-8185366;42,-43
2649985,-8185402;-44,44
2649965,-8185424;-42,44
2661202,-8185483;-29,40
2661174,-8185419;29,-38
2639161,-8187657;-64,-117
2638842,-8187478;-204,-13
2634051,-8177089;-44,0
2634007,-8177094;45,0
2648037,-8196753;-47,3
2654628,-8185513;-1,-32
2654638,-8185508;-3,-44
2654611,-8185544;1,32
2665984,-8189730;1,-47
2665988,-8189740;0,-33
2665976,-8189777;0,49
2665971,-8189773;0,31
2667050,-8173194;-39,1
2667493,-8173594;-2,47
2648413,-8201032;-250,-874
2652823,-8185474;0,-32
2652805,-8185505;0,31
2656627,-8194395;-22,0
2656614,-8194395;-9,3
2656627,-8194402;-22,1
2656606,-8194380;23,-1
2657741,-8194321;-21,-5
2657721,-8194332;23,4
2657720,-8194312;20,4
2660005,-8194152;-24,-1
2659982,-8194161;26,1
2659980,-8194138;25,1
2660008,-8194131;-26,-1
2662916,-8194087;-26,0
2662916,-8194094;-26,0
2662890,-8194072;26,0
2662890,-8194065;26,0
2656236,-8193280;-38,135;-309,830
2655901,-8192310;317,-853;31,-115
2648275,-8218242;22,-54
2648271,-8218229;4,-13
2648242,-8218154;29,-75
2648236,-8218157;40,-102
2648305,-8218298;-58,146
2648276,-8218259;10,-23
2633712,-8180610;2,33
2666721,-8189609;3,-84
2666734,-8189687;-3,72
2666712,-8189681;-2,75
2634278,-8177903;-42,0
2634289,-8177897;-54,2
2634230,-8177909;58,-1
2658222,-8187600;2,31
2658230,-8187601;3,31
2658215,-8187600;1,30
2658240,-8187569;-3,-32
2673064,-8170181;-8,50
2660715,-8195206;-25,-83
2660697,-8195297;25,80
2660679,-8195281;27,91
2633037,-8183679;0,-62
2633029,-8183741;0,62
2633025,-8183741;1,61
2666109,-8189963;34,-1
2645379,-8203648;972,478
2647154,-8202811;472,230
2660764,-8192924;0,19
2660773,-8192905;1,-19
2660778,-8192905;0,-19
2660788,-8192919;0,8
2633610,-8176260;61,0
2633666,-8176269;-61,0
2633674,-8176255;-60,1
2633603,-8176275;58,0
2663249,-8206790;15,14
2663187,-8206857;62,67
2663264,-8206776;71,56
2665414,-8184044;31,-1
2665447,-8184039;-34,1
2665445,-8184050;-33,1
2661144,-8187117;24,0
2661163,-8187064;-13,0
2654675,-8199970;26,0
2654701,-8199982;-26,-1
2663646,-8193043;-1,-42
2663651,-8193042;-1,-41
2663636,-8193085;1,47
2656273,-8197354;0,20
2656268,-8197354;0,20
2656286,-8197335;0,-19
2656290,-8197336;0,-18
2664889,-8202353;19,0
2664908,-8202361;-19,0
2655603,-8203160;26,0
2655624,-8203155;-17,0
2655629,-8203172;-26,0
2656672,-8203161;20,0
2656691,-8203156;-18,0
2656691,-8203174;-19,1
2664693,-8205591;16,0
2664708,-8205602;-13,0
2746913,-8268974;-80,-797
2746838,-8269774;78,803
2746845,-8269736;76,762
2746842,-8269764;3,28
2752563,-8261002;-48,59
2756817,-8256928;-59,96
2756776,-8256826;52,-85
2758850,-8254029;-41,-4
2758794,-8254008;42,2
2750048,-8256302;612,-2
2750660,-8256314;-612,3
2749667,-8269460;-27,459
2749644,-8269013;60,-979
2749643,-8269004;1,-9
2749642,-8268976;1,-28
2744555,-8268854;-94,41
2744011,-8268614;450,-199
2744666,-8251082;-13,39
2744666,-8251034;10,-32
2749549,-8257735;0,-37
2741616,-8257443;38,-23
2741656,-8257459;-39,23
2741647,-8257479;-37,21
2749927,-8257102;191,0;136,-14;707,-143
2750959,-8257271;-719,145;-152,14;-161,-2
2758042,-8256187;29,67
2749636,-8252552;51,189
2749703,-8252367;-53,-189
2749632,-8266925;0,62
2749639,-8266924;0,62
2749625,-8265322;0,132
2751370,-8240930;0,41
2741947,-8255496;-16,0
2741948,-8255492;-16,0
2743122,-8258177;0,12
2743118,-8258189;-1,32
2743133,-8258156;0,-16
2757480,-8255535;33,11
2751139,-8261981;33,-13
2750944,-8261849;15,-38
2742301,-8214106;3,-21
2751848,-8242927;160,68;78,21;51,7;103,-2;244,-29
2746122,-8249609;-5,464
2746132,-8249375;3,-229
2746129,-8249329;3,-46
2746129,-8249144;0,-185
2753325,-8273294;8,-16
2753348,-8273311;-14,29
2749319,-8257913;28,-25
2751685,-8271244;21,55
2826973,-8272561;-62,-47
2826924,-8272608;-9,-7
2826955,-8272584;-31,-24
2826903,-8272596;62,48
2825017,-8272240;0,-57
2825025,-8272297;1,57
2825008,-8272297;0,57
2824008,-8271952;42,0
2824194,-8271546;-69,1
2821609,-8268320;-36,35;-33,24;-116,62
2821419,-8268178;123,-64;35,-25;32,-30
2821576,-8269899;41,0
2821536,-8269268;47,0
2821583,-8269280;-48,0
2823714,-8269380;52,-1
2823764,-8269401;-52,0
2824006,-8267419;-43,11
2823969,-8267388;43,-12
2824444,-8273581;12,-17
2819408,-8271885;17,31
2823513,-8274281;15,-36
2825673,-8265076;-207,0
2825466,-8265069;207,-1
2821429,-8266612;64,0
2821484,-8266631;-63,1
2781327,-8276600;-50,340
2781273,-8276262;49,-339
2781288,-8276258;50,-340
2815710,-8275679;97,-1
2796813,-8278186;0,36
2796820,-8278150;0,-35
2796806,-8278149;0,-35
2799412,-8268804;-16,0
2799396,-8268811;19,0
2799388,-8268820;27,0
2784272,-8263914;18,-34
2780622,-8279569;150,162
2780625,-8279572;150,162
2780780,-8279415;-151,-161
2780693,-8279514;-61,-65
2774601,-8274636;-65,-33;-52,-34
2774635,-8274620;-34,-16
2774724,-8274578;-89,-42
2774726,-8274583;-187,-88;-51,-37
2774480,-8274688;49,32;66,34
2774595,-8274622;36,16
2774631,-8274606;118,55
2797755,-8282448;3,101
2797766,-8282347;-2,-101
2797769,-8282448;2,98
2804412,-8278228;65,22
2771556,-8270603;-44,-186
2771563,-8270600;-47,-197
2771495,-8270772;41,163
2774958,-8274440;-54,-45
2774887,-8274479;61,50
2775156,-8274037;-29,-94
2775093,-8274165;18,136;12,48
2789358,-8267374;43,-41
2783922,-8275171;0,-62
2783929,-8275245;0,86
2783908,-8275237;-1,71
2791111,-8270131;-10,-4
2791139,-8270119;-28,-12
2805965,-8281214;-58,152
2805117,-8279717;-2,159
2805115,-8279558;0,31
2805115,-8279527;-2,169
2805110,-8279560;2,-167
2783455,-8275453;-37,21;-68,21
2783365,-8275402;59,-20;43,-24
2781343,-8276598;-50,341
2788309,-8284479;84,-113
2788398,-8284589;-85,115
2788381,-8284600;-82,109
2797639,-8273979;6,10
2774478,-8274683;56,38;213,99
2796358,-8267773;-17,-146
2796329,-8267917;18,145
2775787,-8273135;3,-42
2775780,-8273173;-2,42
2798951,-8279573;42,5
2798951,-8279563;38,4
2798950,-8279582;50,5
2771488,-8270777;43,178
2771740,-8269895;58,133
2771736,-8269890;58,132
2771823,-8269752;-79,-180
2803102,-8268687;-185,-152;-45,-46;-43,-52;-43,-66;-27,-51;-26,-60;-22,-66
2802719,-8269177;21,62;30,66;34,62;41,59;80,86;179,146
2803115,-8268713;-164,-133;-81,-83;-41,-57;-37,-62;-31,-67;-22,-63
2803120,-8268720;-156,-126;-66,-63;-43,-51;-42,-64;-48,-101
2775633,-8275988;-32,-234
2775590,-8276217;32,229
2775612,-8276226;31,224
2770861,-8273060;4,57;118,737
2770997,-8272269;-120,-735;-6,-57
2770853,-8273066;3,60;115,717
2788296,-8284494;82,-108
2816337,-8274037;79,0
2816417,-8274056;-80,0
2765157,-8271633;-407,121
2764976,-8271571;183,-55
2764971,-8271585;186,-56
2796383,-8280364;65,-21;40,-21;38,-31;39,-47;52,-103;98,-222;51,-87
2796772,-8280890;-60,106;-119,266;-28,49;-38,42;-41,33;-31,17;-71,22
2796387,-8280341;72,-23;33,-19;45,-35;38,-43;29,-51;118,-265;60,-105
2778404,-8278300;-225,73
2778299,-8278271;-124,40
2778189,-8278215;225,-73
2778401,-8278305;-102,34
2778301,-8278241;40,-13
2778269,-8278231;32,-10
2793632,-8273011;66,1
2793709,-8273055;-77,-1
2793709,-8273063;-77,-1
2793632,-8273005;66,0
2769686,-8271556;-542,-355
2805090,-8278539;-9,50
2805090,-8278487;8,-49
2805097,-8278485;8,-49
2815291,-8279622;-4,-38
2804693,-8275940;46,-2
2804691,-8275949;38,0
2804729,-8275949;9,0
2804731,-8275962;-46,0
2797911,-8270903;-38,3
2797869,-8270912;37,-2
2797883,-8270879;38,-3
2797886,-8270869;40,-3
2801430,-8276312;53,-2
2801430,-8276319;52,0
2801482,-8276332;-52,1
2797871,-8278365;42,0
2797910,-8278356;-39,0
2797914,-8278374;-43,-1
2791223,-8270098;-84,-21
2791204,-8270010;48,3
2791305,-8270001;-101,-5
2792257,-8269823;61,-9;3139,-925
2795519,-8270800;-3139,924;-57,16;-74,13
2790860,-8270382;1,-83
2796118,-8270900;-131,1;-76,4;-76,10;-121,29;-195,56
2795526,-8270777;190,-59;161,-39;110,-12;131,-1
2795919,-8270914;-96,15;-98,26
2795526,-8270777;259,-62;99,-17
2795884,-8270856;39,-4
2791734,-8284052;-14,100
2791728,-8284059;-18,122
2791743,-8284053;-16,107
2791693,-8282554;23,-514;-13,-523
2791696,-8283600;10,313;0,278;-23,464
2791712,-8283587;10,529;-19,502
2785038,-8277254;-1,-50
2784398,-8283838;4,-123
2784398,-8283805;0,-33
2784392,-8283438;6,-367
2784409,-8283961;-10,520
2784359,-8283930;25,34;5,58
2784389,-8283838;-1,32
2784388,-8283806;-6,368
2787214,-8276759;-29,-38;-32,-33
2787165,-8276831;30,31;31,44
2787126,-8276829;38,32;32,38
2785193,-8262383;-41,-25
2782184,-8273672;33,-1
2782095,-8273821;-1,-62
2782826,-8272744;0,-30
2782821,-8272785;1,33
2781161,-8273687;54,1
2781365,-8273819;0,-45
2782095,-8274175;0,-42
2782095,-8274217;0,-13
2769061,-8272480;18,-78
2767431,-8272358;-1,-58
2792706,-8282020;8,-19
2798309,-8278831;30,29
2798305,-8278825;31,30
2798689,-8279199;33,14
2796517,-8282211;-55,-7;-512,-130;-74,-34;-33,-21
2795847,-8282411;49,30;60,27;205,52
2796174,-8282283;-237,-62;-44,-19;-53,-33
2804413,-8275531;32,0
2779443,-8278508;16,-50
2785857,-8271246;-32,0
2775465,-8263693;29,0
2775466,-8263682;28,-1
2775465,-8263703;29,-1
2775205,-8263894;0,-34
2775212,-8263894;0,-33
2776697,-8264989;-20,-39
2776701,-8264998;-6,-12
2771481,-8269947;-41,37
2780859,-8261664;2,120
2784310,-8264691;-27,0
2784308,-8264680;-41,-1
2784311,-8264704;-26,1
2780229,-8260941;27,57
2780233,-8260942;14,29
2780237,-8260944;26,55
2780247,-8260913;12,26
2779265,-8262615;9,13
2779220,-8262672;45,57
2773365,-8263637;0,-26
2773358,-8263663;-1,26
2773369,-8263637;0,-26
2773353,-8263663;0,27
2772763,-8263565;0,26
2772760,-8263565;0,26
2772767,-8263539;0,-26
2772770,-8263565;0,26
2776267,-8274714;-33,-38
2781559,-8259823;20,10
2775926,-8264043;-28,0
2784250,-8265518;-14,-8
2784276,-8265517;0,-14
2784311,-8265506;-27,-1
2780277,-8271244;-12,1
2780258,-8271215;18,0
2774848,-8264009;0,-30
2770945,-8269799;20,81
2769722,-8273535;-3,85
2772107,-8273428;23,30
2772111,-8273432;19,26
2814758,-8277131;24,-25
2777074,-8276443;1,127
2777083,-8276447;0,136
2777066,-8276444;1,130
2777081,-8274365;1,84
2777090,-8274282;0,-74
2716826,-8247709;15,-8
2716834,-8247736;-16,9
2732435,-8252976;-28,0
2732365,-8256730;144,266
2732350,-8256743;164,304
2732533,-8256480;-144,-265
2732615,-8249743;52,2
2732669,-8249755;-53,-1
2722137,-8249153;-13,5
2722142,-8249163;-26,11
2722129,-8249128;11,-5
2710083,-8243345;19,2
2710087,-8243353;27,3
2710115,-8243369;-27,-3
2725446,-8253126;14,38
2725430,-8253167;16,41
2725398,-8253248;32,81
2725477,-8253027;-84,-220
2725471,-8253094;-14,-36
2725457,-8253130;-16,-43
2725441,-8253173;-32,-81
2709986,-8244238;-2,361
2709982,-8244238;-2,361
2709990,-8243878;2,-361
2712449,-8246856;1,-103
2701232,-8240886;-97,-169
2728487,-8255519;21,-17
2730194,-8255521;1,32
2730189,-8255478;1,-44
2730265,-8254682;5,135
2730270,-8254547;1,32
2730271,-8254515;8,226
2730274,-8254279;-12,-377;-5,-43
2717991,-8249470;-1,45
2725502,-8253036;-100,-245
2732845,-8253611;0,36
2732859,-8253575;0,-36
2728435,-8252219;-19,133
2714798,-8241876;-78,54
2714795,-8241881;-77,54
2732269,-8258021;-27,18
2732249,-8257989;27,-19
2711306,-8244750;-59,42
2711243,-8244716;60,-41
2711257,-8244691;58,-42
2733390,-8258254;38,-33
2733215,-8258107;26,-17;149,-130
2733191,-8258110;23,-6;22,-14;190,-167
2727277,-8253056;15,1
2727292,-8253071;-15,-1
2727368,-8253068;-53,-2
2727276,-8253080;92,5
2727319,-8253053;54,2
2727321,-8253045;54,2
2705767,-8241331;-36,26
2705728,-8241312;36,-25
2705740,-8241291;36,-26
2710199,-8244419;68,4;138,25;90,-3
2710199,-8244425;63,4;140,24;93,-2
2710494,-8244412;-86,3;-140,-25;-69,-4
2710199,-8244445;84,7;115,22;96,-2
2711874,-8245148;-39,27
2711844,-8245104;39,-28
2711993,-8245233;-40,28
2711963,-8245188;40,-29
2732782,-8256003;48,51;568,505;52,55
2733457,-8255401;-50,-54;-564,-500;-54,-56
2733494,-8255310;-28,-46;-48,-55;-612,-553;-68,-82;-14,-23
2733557,-8255237;-45,-99;-22,-34;-37,-44;-616,-557;-40,-43;-33,-45
2732545,-8256467;-159,-295
2711103,-8235997;9,0
2730830,-8250964;1,-43
2712576,-8246182;16,-28
2729884,-8251901;0,62
2730884,-8245149;-25,-1
2730885,-8245157;-26,-2
2730859,-8245135;26,1
2730222,-8245160;-30,-1
2730189,-8245148;28,1
2705838,-8239541;-31,13
2705813,-8239517;31,-12
2730413,-8251417;-45,1
2730367,-8251427;47,0
2722535,-8248651;-6,27
2711513,-8240095;13,0
2713772,-8243541;8,-55
2723719,-8248114;14,27
2732297,-8248158;0,68
2732308,-8248101;0,-66
2711765,-8238433;-52,6
2727017,-8252585;-19,7
2712252,-8234960;-3,-76
2717997,-8249738;-1,60
2727053,-8255718;-27,1
2730833,-8246109;0,94
2730829,-8246007;0,-91
2730846,-8246033;0,-93
2696205,-8234213;0,-96
2696194,-8234309;-1,96
2705671,-8244173;11,38
2705676,-8244176;12,38
2730834,-8246752;0,39
2730827,-8246754;1,42
2730843,-8246712;-1,-37
2731103,-8246410;-79,-1
2731017,-8246400;79,1
2730952,-8246395;192,5
2731181,-8246417;-229,-6
2716247,-8242964;-98,69
2721233,-8245602;1,62
2721675,-8245371;0,-56
2703924,-8224483;42,-55
2703978,-8224535;-49,67
2703312,-8213372;39,0
2703293,-8211326;47,1
2705577,-8209171;-34,31
2703320,-8209249;-40,-1
2703290,-8210332;41,1
2705275,-8208890;-21,19
2704935,-8208487;-35,45
2704443,-8207637;-38,35
2706358,-8206590;-44,50
2706031,-8206117;-18,30
2703362,-8213976;-56,0
2704136,-8214523;16,-40
2703566,-8214531;0,41
2707548,-8211865;69,1
2707617,-8211874;-68,1
2731281,-8255846;-23,43
2731652,-8255963;-43,-14
2731491,-8257470;-40,27
2731935,-8255663;12,35
2732135,-8256166;-43,9
2732685,-8253839;-59,28
2732686,-8253835;-57,27
2732684,-8253843;-59,27
2732696,-8253382;-37,-2
2732649,-8252188;-22,0
2732626,-8252183;23,2
2732649,-8252192;-23,0
2711338,-8241727;35,0
2711375,-8241732;-38,-1
3032173,-8213753;8,9
2959286,-8337776;29,-1
2952424,-8337385;19,-12
2940139,-8320196;104,23
2914144,-8303539;38,12
2900875,-8275262;70,55
2921384,-8305027;0,-43
2922138,-8275822;19,52
2916439,-8302776;254,67
2931897,-8278402;26,48
2924504,-8272037;18,-20
2913539,-8303170;-46,24
2913717,-8304357;46,11
2982454,-8357628;35,-3
2987604,-8360951;-45,35
3017565,-8570737;7,-37
3017579,-8570772;-8,36
3017558,-8570738;8,-37
3020736,-8569138;13,1
3013536,-8561549;8,-2
3010155,-8561077;605,521
3010765,-8560564;-605,-521
3023311,-8559886;0,118
3028244,-8565665;27,4
3014257,-8556510;22,-14
3031399,-8581113;-39,-55
3032866,-8576277;0,-100
3015140,-8565995;-70,71
3015142,-8565990;-69,70
3015146,-8565986;-70,69
3015685,-8564322;-24,-83
3015661,-8564405;-11,-37
3015641,-8564439;36,120
3015659,-8564446;35,120
3018999,-8571612;0,-85
3019009,-8571609;-2,-132
3018989,-8571610;-2,-125
3024017,-8562968;13,-40
3029774,-8585449;-170,-204;-191,-207;-98,-100;-93,-81
3029222,-8586005;74,64;83,83;207,225;168,199
3025334,-8564729;63,13;938,88
3025376,-8564727;954,90
3026331,-8564649;-954,-90
3018752,-8573699;17,-133;14,-289;20,-528;-4,-129
3018812,-8574772;3,97;-23,592;-12,250;-16,127
3018773,-8573640;27,-150;14,-268;23,-617;-2,-76;-9,-89
3028804,-8563957;28,-29
3028823,-8563996;-22,23
3028801,-8563973;-5,5
3028826,-8564008;-40,40
3028802,-8563945;40,-41
3015977,-8566991;3,-25
3015979,-8566970;9,-63
3029748,-8585429;-194,-223;-208,-226;-69,-69;-60,-52
3032090,-8581501;9,229
3032116,-8581272;-10,-230
3013787,-8551590;1,36
3013780,-8554132;0,9
3014746,-8574859;64,35
3014813,-8574834;-63,-33
3014805,-8574816;-62,-33
3027848,-8567579;0,92
3013335,-8550635;12,-3
3013310,-8550625;25,-10
3013347,-8550638;69,-19
3013300,-8550621;10,-4
3013247,-8550597;53,-24
3014101,-8562518;42,1
3015519,-8565698;-1,157
3015515,-8565698;-1,157
3015524,-8565699;-2,157
2995299,-8542134;18,-5
3018149,-8581003;32,19
3049338,-8732478;24,-33
3050921,-8730806;-11,6
3050918,-8730785;12,-6
3042118,-8734969;-30,-68
3032471,-8741645;15,3
3030987,-8742732;573,185
3034872,-8715371;375,-270
3034390,-8715043;851,-611
3035234,-8715665;-850,611
3044825,-8729026;32,-33
3044844,-8729074;-25,25
3055097,-8719471;-65,-22;-141,-37
3054891,-8719530;-176,-38
3054715,-8719568;-65,-14
3054890,-8719509;135,32;76,28;193,94
3054710,-8719548;180,39
3054606,-8719571;104,23
3037262,-8717686;1071,-429;1057,-392
3039390,-8718507;97,-36
3039487,-8718543;918,-338;1079,-382
3037266,-8717675;1017,-410;209,-79;2105,-780;774,-266;115,-43
3039384,-8718529;-980,361;-1149,461
3039482,-8718565;-98,36
3041476,-8719286;-283,102;-690,234;-1021,385
3040184,-8742535;303,-542
3048118,-8722073;13,-66
3043355,-8732409;53,12
3035733,-8735698;39,-19
3035764,-8735737;-38,20
3037752,-8731646;-19,-23
3049813,-8733540;21,-108
3042589,-8718917;-21,172
3042579,-8718919;-22,171
3048400,-8722274;37,4
3048399,-8722263;37,4
3048438,-8722282;-38,-4
3041125,-8725852;-10,-63
3041102,-8725912;11,63
3041119,-8725916;10,63
3041097,-8725911;11,63
3037252,-8717717;1013,-407;428,-161;1715,-636;1063,-373
3048495,-8733279;22,-43
3036203,-8734463;61,-39
3047992,-8728416;-63,-30
3056385,-8724832;-8,32
3038186,-8728058;-42,-189
3043257,-8730811;-35,9
3039960,-8727378;-63,7
3039873,-8727361;105,-11
3048627,-8728796;1,-41
3046000,-8720895;25,21
3045992,-8720886;26,22
3046030,-8720884;-27,-21
2984321,-8467174;52,63
2982935,-8488613;4,-117
2982365,-8490334;-31,-62
2981967,-8485014;67,-69
2966951,-8486653;205,-130;68,-55;1328,-1382;90,-91;142,-130;186,-143;143,-94;207,-114;183,-82;149,-53;147,-42;123,-29;156,-27;105,-11;919,-52;177,-5;166,14;154,32;93,28;478,186;128,32
2992904,-8435952;-24,29
2980331,-8529296;6,13
2968479,-8526491;49,3
2996481,-8538007;30,-7
2968582,-8528379;-1,14
2999750,-8537429;62,834
2994584,-8518443;80,47
2987814,-8522371;95,68;341,198
3095060,-8584828;-83,824
3077374,-8582284;408,-888
3042524,-8660847;260,148
3042790,-8660712;-261,-148
3044086,-8659212;-106,449
3043993,-8658762;105,-446
3050208,-8649397;188,2
3050209,-8649392;188,3
3050396,-8649409;-189,-2
3050694,-8644087;-374,161
3050292,-8643897;333,-139;84,-39
3040169,-8660110;-172,134
3040254,-8660194;-36,43;-49,41
3039997,-8659976;-34,27
3039968,-8659940;218,-172
3040186,-8660112;39,-33;34,-40
3039131,-8652273;370,832;23,68
3039537,-8651377;-32,-101;-365,-820
3051879,-8654962;144,51
3051315,-8645392;7,-30
3051332,-8645425;-7,31
3051353,-8645422;-6,26
3050712,-8644070;-94,44;-327,135
3052307,-8649939;10,53;1,54
3052335,-8649831;-3,-65;-9,-47
3052300,-8649934;9,51;2,52
3051017,-8641555;-434,224
3053592,-8643399;1,87
3054571,-8646602;-41,108
3054733,-8648653;13,86
3043189,-8663949;24,2
3043189,-8663943;24,0
3043214,-8663964;-25,-1
3052031,-8654937;-144,-52
3051593,-8645861;10,-47
3051608,-8645906;-10,46
3056686,-8718687;81,39
3056775,-8718667;-85,-40
3056956,-8718558;351,170
3057314,-8718406;-351,-170
3058066,-8718021;86,41
3044118,-8686644;-73,16
3044034,-8686610;85,-20
3060650,-8703459;65,-22
3060715,-8703481;62,-21
3052450,-8708730;-61,0
3060226,-8700766;20,-4
3044601,-8693638;-2,41
3044609,-8693600;2,-32
3054846,-8710616;40,1
3051401,-8708658;39,-22
3062667,-8704316;-8,0
3062672,-8704305;-19,0
3062437,-8703448;-102,-151
3062442,-8703451;-102,-151
3057512,-8718288;277,132
3057806,-8718168;-291,-141
3044119,-8686623;-86,18
3044592,-8688690;-3,39
3044602,-8688656;3,-39
3054666,-8708728;-56,-2
3054657,-8708722;-30,-1
3054634,-8708707;33,1
3062768,-8702962;27,61;20,69
3062797,-8702872;-31,-76
3058156,-8717999;-79,-38
3039249,-8686292;464,-34;286,-28
3055078,-8703094;0,-49
2997872,-8437925;4,-59
2998586,-8440955;2,-11
3055496,-8618470;1,6
3050233,-8620333;13,1
3039908,-8622845;33,0
3049141,-8614036;52,28
2807790,-8060254;-89,34
2807739,-8060215;29,-12
2807768,-8060227;6,-3
2807733,-8060243;55,-23
2811790,-8062821;38,-90
2811778,-8062824;14,-41;27,-55
2812384,-8063083;71,20
2840909,-8063224;-27,0
2840940,-8063224;-31,0
2840883,-8063202;26,-1
2840909,-8063203;31,0
2840940,-8063203;29,0
2840910,-8063244;-28,0
2840938,-8063244;-28,0
2840969,-8063224;-29,0
2840969,-8063244;-31,0
2835673,-8071461;2,-108;-20,-615
2835618,-8072171;29,723
2840788,-8070600;-29,2
2840819,-8070603;-31,3
2840759,-8070598;-32,3
2840758,-8070602;28,-3
2840760,-8070582;29,-3
2840728,-8070579;32,-3
2840789,-8070585;31,-2
2840726,-8070600;32,-2
2820561,-8065627;-9,-59
2820535,-8065681;8,58
2820695,-8064669;-99,-700
2820579,-8065366;99,701
2820739,-8064357;-8,-57
2820714,-8064407;7,53
2820925,-8063351;-20,-92
2820887,-8063436;20,92
2821078,-8062667;-68,-301
2820994,-8062963;67,300
2821225,-8062012;-20,-91
2821188,-8062097;21,89
2839281,-8060915;-27,25
2839275,-8060925;-20,17
2839284,-8060902;-16,16
2808556,-8058788;-267,-747
2808265,-8059524;266,747
2808258,-8059521;266,747
2813710,-8060322;60,188
2813784,-8060138;-60,-193
2813763,-8060132;-60,-196
2813137,-8062185;260,850
2813393,-8061333;-260,-846
2813407,-8061339;-260,-850
2806893,-8062137;-26,0
2806869,-8062125;24,0
2806889,-8062143;-25,-1
2801346,-8062228;-73,-1
2801273,-8062215;73,1
2835796,-8061475;-2,-77
2835804,-8061552;1,75
2835782,-8061552;1,78
2835741,-8068046;2,135
2835733,-8067912;-2,-135
2835715,-8068047;2,134
2835650,-8071002;7,73
2835650,-8070927;-8,-74
2835672,-8070933;-7,-73
2840789,-8070579;-29,3
2803345,-8058007;-45,44
2803308,-8057952;46,-45
2796851,-8054455;-29,20
2796832,-8054418;29,-20
2835749,-8065980;-1,-79
2835738,-8066059;1,79
2835732,-8066071;1,89
2835757,-8066071;1,90
2835753,-8064690;-1,-261
2835735,-8064951;1,257
2835729,-8064696;-3,-258
2785344,-8049072;241,-72
2785585,-8049144;20,-6
2785602,-8049164;-261,79
2861733,-8080323;122,178;75,129;44,67;322,471
2861735,-8080338;103,151;113,190;341,499;37,50;82,93
2862376,-8079367;-87,-112;-309,-450;-150,-245;-101,-143
2808741,-8058211;-22,-77
2808702,-8058282;22,78
2808880,-8057670;-18,-67
2808851,-8057733;19,66
2808845,-8057730;19,65
2836802,-8068239;67,57
2836915,-8069325;1,36
2836918,-8069289;0,-37
2788844,-8062246;27,0
2861801,-8080259;-25,-35
2814878,-8060728;76,230
2814881,-8060729;76,231
2814961,-8060500;-23,-72
2785633,-8052440;7,35
2796680,-8054752;-16,15
2835501,-8072334;-10,2;-5,-9;0,-16
2835524,-8072300;-9,1;-11,-14;4,-12
2801050,-8059805;10,41
2807470,-8062670;-10,-14
2812752,-8064667;-33,23;-62,69;-30,22
2812631,-8064543;52,-38;41,-53;32,-22
2812625,-8064560;38,-28;59,-66;29,-20;33,-13
2812781,-8064659;-46,25;-59,68;-39,28
2801352,-8064560;-58,-1
2801293,-8064571;61,0
3014659,-8170087;516,26
3015175,-8170080;-515,-25
3039178,-8164715;47,-2;45,-9;299,-101
3039178,-8164721;51,-3;39,-8;299,-101
3039565,-8164842;-292,99;-94,13
3037484,-8172651;65,-36
3037493,-8172649;64,-35
3037534,-8172695;-65,36
3043814,-8176338;33,-20
3043845,-8176374;-32,20
3032074,-8165877;-54,-5
3032254,-8165860;-180,-17
3031967,-8165874;53,-8
3032020,-8165882;-51,-19
3032020,-8165882;-52,-9
3031968,-8165883;52,1
3032359,-8165850;-105,-10
3031967,-8165870;122,3;165,16
3032254,-8165868;-228,-21;-57,-16
3032043,-8165887;-1,-21
3039483,-8168242;84,-32;113,-26
3039484,-8168236;82,-32;114,-26
3039684,-8168316;-111,20;-60,22;-35,17
3041677,-8169636;63,-28;47,-14;84,-13
3041871,-8169700;-105,19;-92,38
3041680,-8169628;80,-34;50,-14;62,-8
3031311,-8159591;-24,99
3031298,-8159491;22,-95
3031302,-8159594;-24,100
3031291,-8158766;3,49
3032277,-8144156;117,602;17,117;10,117
3032440,-8143321;-10,-119;-17,-118;-134,-682
3032408,-8143640;-13,-64
3041778,-8153229;-27,127;-44,137
3040575,-8150912;-139,196
3040622,-8150980;-47,68
3040827,-8142536;35,56
3029815,-8161883;-10,21
3029824,-8161878;-10,21
3029807,-8161888;-10,20
3028751,-8157061;-7,73
3028763,-8156997;7,-72
3037176,-8143278;-32,40
3041217,-8153850;354,-307
3032110,-8159851;40,-43;31,-45;89,-155
3032275,-8160091;-92,163;-28,38;-40,44
3032280,-8160088;-91,159;-38,54;-32,35
3032379,-8159708;-247,-115
3032129,-8159813;247,116
3039683,-8168322;-65,9;-49,13;-93,39
3038977,-8166207;102,-132
3038969,-8166214;104,-132
3038983,-8166199;104,-133
3040971,-8174487;27,4
3040949,-8174587;26,-15
3040969,-8174615;-26,14
3045489,-8159716;4,42
3035847,-8146863;-17,343
3041195,-8154957;7,65;17,81;25,77;24,53
3041290,-8154710;-19,-40;-29,-81;-16,-71;-9,-61
3032507,-8166758;1,33;-10,29;-28,36;-31,27;-126,95;-386,255;-107,48;-51,31
3031969,-8166265;145,-97
3031780,-8166154;189,-111
3031795,-8166139;17,-19;79,-47;78,-60
3032114,-8166362;218,-144
3032320,-8166532;-364,241
3031956,-8166291;-137,63;-48,28
3031956,-8166291;-98,68;-88,51
3037529,-8172700;-64,37
3035808,-8146150;5,80;45,374
3035869,-8145698;-43,-354;-8,-98
3035971,-8144732;30,169;52,173;265,726
3036328,-8143668;-266,-726;-54,-185;-26,-155
3036650,-8142280;-4,-53
3036627,-8142331;4,53
3055476,-8162069;53,5
3035850,-8146610;8,-144
3032450,-8143196;-9,-198;-22,-167;-56,-282
3041891,-8142013;32,44;282,492
3035412,-8153659;-2,-41
3035415,-8153709;3,53
3035397,-8153698;3,40
3035392,-8153699;3,46
3035362,-8153042;5,-50
3035373,-8153092;-5,50
3035354,-8153091;-5,51
3035349,-8153091;-5,51
3039477,-8146027;-161,145
3039589,-8146163;-51,70;-61,66
3039316,-8145882;-103,90;-192,142
3028833,-8141795;-6,-730
3028836,-8142524;7,725
3028804,-8142462;5,668
3028796,-8142459;5,663
3039689,-8143627;53,38
3041755,-8160065;-25,-50;-56,-81;-146,-160
3041519,-8160346;155,171;44,66;25,50
3041515,-8160341;154,170;32,45;37,70
3041207,-8158423;-2,362
3041213,-8158424;-3,363
3041224,-8158061;2,-363
3033418,-8165555;-18,-6
3033419,-8165564;-18,-6
3033420,-8165574;-17,-5
3046321,-8143135;9,-31
3046328,-8143117;15,-50
3043768,-8164251;-38,-12
3043721,-8164252;44,14
3038095,-8167103;30,-30
3038092,-8167112;29,-29
3038130,-8167125;-31,31
3030612,-8162874;-2,-23
3030597,-8162895;2,20
3031100,-8160939;7,67
3031100,-8160877;-7,-62
3031081,-8160937;6,61
3042405,-8169834;0,-25
3042410,-8169834;-1,-26
3047093,-8160181;-19,24
3046386,-8154642;-2,13
3045926,-8153367;-7,20
3045831,-8152123;-4,22
3033658,-8165749;1,19
3033666,-8165753;1,19
3033652,-8165726;-2,-19
3033868,-8165976;40,12
3033856,-8165970;41,12
3033921,-8165970;-41,-12
3034087,-8166155;29,8
3034081,-8166148;28,9
3034093,-8166162;28,8
3038905,-8171972;41,-204
3038904,-8171968;1,-4
3038936,-8172178;-41,209
3038915,-8171968;40,-206
3041605,-8173409;1,-21
3044613,-8167110;85,25
3044614,-8167115;85,25
3044615,-8167121;85,25
3030700,-8144536;23,-8
3032594,-8164769;7,18
3032543,-8164688;33,-36;29,-43;17,-37;13,-44;7,-76;-13,-166
3032288,-8164455;33,-51;40,-44;182,-138
3032599,-8164772;7,21
3032636,-8164947;-36,144;-24,51;-26,35
3032610,-8165150;17,109;-4,73;-28,158;-19,47;-26,46
3032550,-8164717;-37,38;-159,122;-39,44;-36,55
3032543,-8164688;71,-56;58,-67;52,-87;32,-85
3046102,-8183222;20,-14
3029186,-8156978;-51,18
3043818,-8166028;31,0
3032573,-8167781;19,8
3030034,-8161326;22,-23
3041700,-8172121;0,-23
3029034,-8141837;0,-24
3042980,-8168881;0,-54
3040921,-8157737;36,0
3041910,-8166861;14,-19
3033487,-8158098;24,41
3042170,-8168897;-17,-37
3032750,-8164922;-55,168
3032756,-8164919;-55,167
3032689,-8164756;55,-168
3026929,-8144030;-8,7
3026925,-8144006;9,-9
3027006,-8144066;14,-6
3027018,-8144090;-16,9
3031012,-8140699;-43,7
3031011,-8140707;-42,6
3037086,-8174636;-24,16
3037053,-8174625;35,-23
3037095,-8174635;-36,25
3032385,-8156643;63,-5
3030635,-8148903;17,0
3030650,-8148923;-16,0
3026023,-8139221;-21,1
3032366,-8164640;-11,43
3032362,-8164594;10,-43
3032347,-8164600;11,-43
3039326,-8171282;104,-104
3039316,-8171304;98,-99
3027872,-8142714;-9,-19
3040581,-8175000;21,-25
3030655,-8150499;-40,56
3030826,-8161189;-8,1
2955538,-8126640;-21,10
2955523,-8126611;21,-11
2965103,-8128667;60,-4
2965163,-8128688;-62,4
2945385,-8116663;35,-21
2945198,-8116541;9,-7
2957427,-8120075;14,42
2957675,-8119447;47,-21
2957673,-8119451;48,-21
2958283,-8121272;-20,-62
2958275,-8121270;-19,-54
2958495,-8121414;16,49
2959350,-8121829;14,42
2953791,-8124731;19,-18
2954245,-8124484;4,-41
2958311,-8121814;31,-32
2957110,-8119167;54,16;48,25;43,35;36,41;38,61;221,425
2957541,-8118561;-206,-400;-47,-81;-29,-34;-49,-41;-40,-23;-60,-20
2952776,-8122533;103,7
2959951,-8125619;-12,48
2949786,-8120067;-1,-70
2949789,-8120129;1,52
3069173,-8145301;70,60
3062566,-8148857;334,732;56,163
3062973,-8147968;-41,-124;-33,-81;-317,-693
3051748,-8145099;463,582
3051245,-8145714;33,27;31,32;128,170;311,386
3062969,-8157068;4,-64
3062956,-8157133;-5,63
3064305,-8157485;-24,-30
2844356,-8131054;-39,-19
2844394,-8130698;42,7
2844743,-8130160;-50,0
2844751,-8130161;-8,1
2844736,-8130168;-16,8
2839661,-8130920;34,7
2839648,-8130985;76,9
2839808,-8130173;-20,-73
2839759,-8130281;20,73
2948351,-8174168;78,-22
2989171,-8132412;52,59;71,135
2989173,-8132414;39,40;18,26;67,127
2989307,-8132228;-66,-124;-58,-71
2991071,-8131342;-24,-78
2991042,-8131413;21,65
2989292,-8130723;9,213
2989291,-8130751;1,28
2989279,-8131020;12,269
2989288,-8130722;8,208
2989305,-8130514;-9,-209
2986692,-8131403;20,1129
2986730,-8130267;-20,-1136
2976398,-8126304;387,410
2970395,-8122768;574,-163
2982141,-8132250;56,9
2982199,-8132258;-58,-3
2982199,-8132258;-57,-9
2991591,-8132882;24,115
2991626,-8132771;-22,-114
2967912,-8122044;70,-47;66,-38
2969615,-8122522;154,-43
3023830,-8137993;7,34
3013460,-8138280;-354,-555
3013097,-8138828;353,557
2992712,-8134814;8,-5
3010327,-8146713;-63,-184
2915835,-8099507;33,-16
2915862,-8099536;-30,15
2916437,-8109053;-31,-44
2916391,-8109085;32,45
2928620,-8105436;122,318;95,231
2928845,-8104892;-94,-230;-122,-319
2914374,-8098502;99,218
2914381,-8098500;95,207
2914487,-8098298;-95,-210
2914824,-8097542;126,270
2914691,-8097827;133,285
2914958,-8097277;-124,-271
2914834,-8097548;-130,-287
2902801,-8092196;43,39
2902807,-8092204;39,36
2902835,-8092154;-39,-34
2903248,-8091677;27,39
2903255,-8091682;24,35
2903267,-8091635;-22,-32
2902879,-8090433;29,83
2902921,-8090355;-30,-84
2908376,-8096667;55,-54
2908421,-8096737;-58,56
2908595,-8096824;92,-52
2908677,-8096894;-90,52
2908846,-8096966;53,-26
2908893,-8097011;-54,27
2910455,-8097240;-192,81
2910269,-8097140;192,-80
2902394,-8091728;-66,-172;-44,-137;-26,-58
2902258,-8092095;-12,-24
2902246,-8092119;72,221;183,488
2923110,-8102290;-172,-252
2922922,-8102526;39,83;43,116;76,325;47,150
2930551,-8109462;-78,83
2930485,-8109364;79,-83
2921251,-8101914;50,95;49,63;37,38;68,53;369,221;63,43;31,28;43,59;20,31;30,65
2921915,-8101366;-74,-61;-375,-228;-59,-40;-76,-74;-61,-88
2921270,-8101857;-21,-41
2921260,-8101849;63,89;78,75;60,41;376,227;71,61
2921238,-8101891;22,42
2922185,-8102085;243,607
2921089,-8101706;-37,-88
2934220,-8108671;-1,79
2940879,-8110052;-11,-31
2940868,-8110083;-12,-28
2940856,-8110111;-11,-31
2940855,-8110044;-3,-17;14,-8
2940877,-8110074;13,-6;3,9
2901674,-8095387;18,34
2902624,-8095757;6,-44
2905063,-8104602;-13,-67
2920867,-8101677;-7,-17
2920882,-8101639;-15,-38
2920851,-8101688;21,50
2920869,-8101698;21,51
2909055,-8102672;40,-29
2909089,-8102712;-39,26
2909085,-8102718;-39,27
2905114,-8096019;4,66
2921231,-8100725;0,-87;-16,-81;-215,-472
2920981,-8101430;21,55;116,245;98,229;19,82;2,93
2900549,-8091167;-17,11
2900534,-8091147;19,-14
2912564,-8102970;-1,34
2912570,-8102939;1,-22
2912570,-8102917;0,-22
2912571,-8102961;0,-23
2910046,-8098776;-15,5
2910001,-8098792;7,-13
2611036,-8013695;20,-1
2611034,-8013689;22,0
2611056,-8013711;-20,1
2608522,-8018442;9,71
2608527,-8018369;-8,-72
2608511,-8018441;8,72
2626147,-8008311;20,32
2626135,-8008331;12,20
2626098,-8008392;37,61
2613561,-8020258;-32,1
2613562,-8020268;-28,1
2613529,-8020230;33,-1
2613593,-8020328;4,166
2611942,-8012517;5,90
2611985,-8010925;24,-132
2611977,-8010880;8,-45
2611950,-8010729;27,-151
2611954,-8010729;59,-327
2611940,-8010730;58,-329
2616293,-8013175;36,4
2616327,-8013161;-39,-5
2616332,-8013180;-37,-5
2620617,-8013272;17,-1
2620588,-8013272;29,0
2620585,-8013283;51,-1
2610076,-8011259;6,61
2610090,-8011207;-5,-53
2610722,-8015834;-3,-133
2610712,-8015965;3,126
2610729,-8015838;-3,-127
2603423,-8011791;2,45
2603425,-8011746;0,26
2603425,-8011720;1,37
2603418,-8011746;-1,-46
2603432,-8011746;-1,-46
2625023,-8008985;0,26
2625022,-8009027;1,42
2625021,-8009066;1,39
2625031,-8008959;-1,-26
2625030,-8008985;0,-42
2625030,-8009027;-1,-39
2625016,-8009067;2,108
2625037,-8008956;-2,-112
2616438,-8015450;51,-1
2616436,-8015444;59,1
2616496,-8015465;-58,1
2616436,-8015471;57,0
2616586,-8016176;0,61
2616575,-8016114;0,-46;4,-17
2616602,-8016115;-2,-60
2618981,-8010266;0,-30
2618984,-8010299;1,34
2618983,-8010336;1,37
2618985,-8010265;0,37
2618981,-8010296;-2,-41
2618991,-8010265;0,-34
2618992,-8010229;-1,-36
2618991,-8010299;0,-37
2618995,-8010271;-1,-24
2631439,-8008172;1,65
2631440,-8008107;1,33
2631441,-8008074;1,41
2615116,-8014593;21,-9
2615108,-8014601;23,-8
2615117,-8014581;27,-11
2623179,-8009397;1,33
2623183,-8009397;1,33
2623183,-8009444;0,47
2623184,-8009364;0,35
2623189,-8009364;0,-33
2623190,-8009329;-1,-35
2623189,-8009397;-1,-47
2623194,-8009364;-1,-33
2609961,-8025032;44,13
2609958,-8025019;5,-3;40,11
2610010,-8025038;-45,-14
2616494,-8014644;32,-1
2616491,-8014655;35,1
2616525,-8014633;-31,0
2605539,-8011402;43,3
2610326,-8026522;43,12
2610327,-8026518;41,13
2610325,-8026515;42,12
2610374,-8026533;-42,-13
2612896,-8017519;-1,-35
2612898,-8017481;-2,-38
2612888,-8017479;-1,-50
2612906,-8017548;0,47
2622122,-8010392;66,23
2622122,-8010398;69,23
2622195,-8010393;-68,-23
2606513,-8025234;-31,1
2606510,-8025247;-22,1
2606483,-8025209;29,0
2601212,-8012024;5,182
2601217,-8011842;1,42
2601218,-8011800;0,6
2601224,-8011842;-5,-182
2601225,-8011800;-1,-42
2601225,-8011798;0,-2
2601315,-8011777;-76,-4;-10,-7;-4,-10
2601225,-8011772;0,-26
2601218,-8011794;-5,10;-9,5;-77,-9
2601218,-8011794;2,21
2632523,-8009071;54,-2
2632588,-8009091;-55,0
2615980,-8011807;1,42
2615973,-8011766;-1,-41
2615990,-8011767;0,-40
2615765,-8011746;-42,-12
2615767,-8011751;-44,-13
2615723,-8011765;45,13
2615717,-8011743;42,12
2615714,-8011738;46,13
2615714,-8011736;46,13
2613382,-8018639;36,-1
2613385,-8018631;31,-2
2613421,-8018655;-37,1
2606559,-8023222;-33,1
2606527,-8023207;33,-1
2611812,-8014338;-22,1
2611901,-8014337;-89,-1
2611790,-8014337;-166,5
2611937,-8014339;-5,-4;-25,2;-6,4
2611901,-8014337;26,3;10,-5
2611854,-8014329;-73,4
2610786,-8028213;-38,2
2610787,-8028222;-40,1
2610742,-8028192;42,-1
2614875,-8025132;0,38
2608782,-8020184;58,18
2608847,-8020196;-58,-18
2608554,-8020580;-31,83;-7,74;4,48;10,47;31,66;42,54;58,43;69,27;98,13
2613821,-8010784;-3,-118
2613813,-8010813;-1,-45
2613814,-8010783;-1,-30
2613812,-8010858;-1,-42
2613794,-8010864;1,46
2613793,-8010900;1,36
2613795,-8010818;1,36
2613787,-8010865;1,42
2613788,-8010823;1,50
2606470,-8025677;41,0
2606510,-8025689;-41,0
2606485,-8025693;22,-1
2606492,-8024885;31,-1
2606522,-8024896;-31,1
2606491,-8024901;30,-2
2606405,-8031364;-39,1
2606364,-8031374;41,-1
2606365,-8031335;41,-1
2606361,-8031732;30,-1
2606391,-8031743;-30,1
2606390,-8031749;-30,0
2606374,-8031047;32,0
2606405,-8031058;-31,1
2606371,-8031063;36,-1
2606359,-8030942;-2,-39
2606339,-8030978;2,38
2606468,-8026024;37,-1
2606474,-8026018;29,-1
2606505,-8026041;-39,0
2604823,-8015530;1,23
2604824,-8015507;0,13
2604817,-8015528;1,29
2604838,-8015496;-1,-34
2606294,-8015963;13,108
2606288,-8015961;12,108
2606319,-8015864;-14,-104
2632231,-8009841;51,36
2632017,-8010102;66,36;43,38;31,36;76,122;54,55
2632294,-8009826;-59,-62;-61,-101;-36,-46;-52,-45;-65,-34
2632301,-8009841;-50,-39
2632305,-8009833;-51,-41
2632022,-8010121;62,35;41,33;56,68;47,82;37,45;33,28
2606514,-8023749;37,-1
2606551,-8023760;-37,1
2604413,-8031329;0,-24
2598634,-8012194;2,62
2598631,-8012255;3,61
2598636,-8012132;2,62;-4,48
2598623,-8012254;7,185;-6,67
2598652,-8012131;-2,-60
2598653,-8012120;-1,-11
2598650,-8012191;-2,-61
2598654,-8011999;3,-38;-4,-83
2598514,-8011947;79,8;22,-8;16,-15;13,-30;9,-128
2610057,-8011893;2,68
2610051,-8012182;6,289
2610059,-8011825;5,225
2610074,-8011825;-2,-69
2610079,-8011601;-5,-224
2610072,-8011894;-6,-288
2610050,-8011893;2,69
2610083,-8011826;5,225
2606494,-8026525;-34,0
2606460,-8026514;34,-1
2606463,-8026532;34,-1
2606462,-8026507;35,0
2606605,-8020789;29,0
2606634,-8020807;-29,1
2609076,-8021487;23,-57;29,-38;36,-28;49,-23
2609044,-8021644;159,-17
2613764,-8011864;2,84
2613769,-8011862;2,81
2613784,-8011784;-1,-73
2612198,-8016297;-1,-39
2612184,-8016333;0,38
2612205,-8016295;-1,-46
2605305,-8011559;1,42
2605308,-8011559;1,42
2605309,-8011517;1,32
2605310,-8011485;2,83
2605316,-8011517;-1,-42
2605317,-8011485;-1,-32
2605319,-8011403;-2,-82
2616753,-8010391;-1,-43
2616754,-8010337;-1,-54
2616752,-8010434;-1,-57
2616745,-8010434;1,44
2616744,-8010491;1,57
2616746,-8010390;1,53
2616743,-8010394;0,-40
2616757,-8010433;0,37
2614670,-8026735;4,35
2614664,-8026727;4,28
2614690,-8026695;-5,-43
2611058,-8014018;-53,2
2611839,-8014039;-122,6
2611717,-8014033;-20,0
2611697,-8014033;-134,4
2611759,-8014028;-113,4
2611759,-8014044;-114,4
2611748,-8014887;-14,24
2611787,-8014950;-39,63
2611734,-8014863;-28,49
2611740,-8014860;14,-23
2611743,-8014889;-15,24
2611704,-8014798;36,-62
2611728,-8014865;-27,44
2613263,-8017837;29,-1
2611506,-8031338;36,-4
2611508,-8031347;37,-2
2611553,-8031381;-38,0
2611553,-8031381;-35,-15
2606816,-8018266;-63,2
2606753,-8018252;63,-1
2621032,-8014215;-37,-48
2621035,-8014221;-36,-48
2620990,-8014244;37,45
2632748,-8012820;59,1
2632745,-8012812;61,2
2632807,-8012829;-59,-2
2632750,-8012841;52,1
2621092,-8014415;0,-117
2621099,-8014417;0,-127
2621079,-8014498;0,88
2621079,-8014410;0,28
2611131,-8029741;28,6
2611120,-8029744;11,3
2611167,-8029753;-33,-8
2611134,-8029761;-10,-2
2611133,-8029772;-9,46
2611089,-8029699;25,-107
2616363,-8013830;37,-1
2616359,-8013835;34,0
2616367,-8013824;37,0
2608223,-8011988;-1,-54
2608210,-8012044;1,61
2608251,-8012004;-16,-37
2607883,-8011959;-1,-57
2606834,-8016865;-46,1
2617342,-8017101;-29,0
2617344,-8017110;-33,0
2617307,-8017088;35,0
2605512,-8026391;-1,-31
2605518,-8026394;0,-17
2605505,-8026391;0,-17
2632384,-8014013;-9,27
2618083,-8009888;0,-40
2617912,-8009992;2,42
2615351,-8013259;36,-15
2615303,-8012921;45,-2
2615302,-8012932;40,-2
2615306,-8012913;43,-1
2612001,-8012394;-30,7
2612038,-8012190;-32,7
2612388,-8011558;31,0
2612502,-8011559;33,-1
2611650,-8011435;-11,-30
2611722,-8011323;-7,-25
2611602,-8015599;-41,8
2611603,-8015596;-42,9
2611154,-8012982;0,41
2610562,-8012910;2,62
2610560,-8011540;-40,2
2610571,-8011323;-51,-12
2610449,-8011337;-56,10
2610320,-8011317;-48,6
2620868,-8012310;-51,1
2620817,-8012299;51,0
2620870,-8012319;-53,1
2611717,-8011268;-22,0
2610649,-8012782;-48,1
2610533,-8012780;-49,2
2599527,-8012988;2,81
2599538,-8012907;-3,-81
2599375,-8012457;-8,57
2599376,-8012399;8,-57
2598906,-8012575;53,-16
2598953,-8012603;-29,12;-25,3
2626744,-8009174;26,36
2627553,-8008871;0,32
2628563,-8009258;37,-1
2626767,-8009232;34,0
2626769,-8009236;34,-1
2616375,-8012634;33,16
2616408,-8012613;-37,-18
2616372,-8012641;37,18
2610071,-8022325;-13,25
2611231,-8026151;0,38
2611258,-8028205;-1,-29
2610273,-8023346;-1,-28
2613541,-8021265;18,0
2613536,-8021265;5,0
2613562,-8021278;-20,1
2613561,-8021252;-25,0
2621122,-8011980;-2,-55
2621125,-8012034;1,50
2621115,-8012034;3,51
2569145,-8030503;25,31
2569150,-8030507;24,30
2569185,-8030488;-24,-30
2572315,-8026638;-9,-11
2572322,-8026629;-7,-9
2572296,-8026640;14,18
2572341,-8026690;18,21
2581052,-8014700;3,-346
2581039,-8015046;-3,345
2581353,-8012506;-11,48
2581342,-8012458;-5,22
2581337,-8012436;-4,18
2581344,-8012415;-2,-43
2581362,-8012503;-16,72;2,18
2581343,-8012509;-21,88
2581337,-8012436;-10,16
2589803,-8012441;352,-22
2589803,-8012446;351,-22
2590154,-8012476;-352,21
2591681,-8021196;-29,2
2591653,-8021178;29,-1
2577450,-8014185;-9,-53
2577441,-8014238;-211,-557
2577417,-8014274;16,36;9,53
2577236,-8014797;206,539;13,73
2577417,-8014274;18,90
2577324,-8014518;93,244
2577443,-8014130;2,21;7,17;8,10;17,9;129,-3
2584791,-8017111;7,139
2584790,-8017146;1,35
2584791,-8017266;-1,120
2584792,-8016972;-10,-225;2,-69
2584809,-8016972;-7,-140
2584802,-8017112;-1,-35
2584801,-8017147;2,-119
2584834,-8016176;5,154
2584828,-8016176;5,164
2584852,-8016022;-4,-155
2584848,-8015704;4,159
2584842,-8015700;4,154
2584865,-8015545;-4,-160
2584865,-8014581;43,61;46,48
2584954,-8014472;16,15
2584970,-8014457;98,91
2584961,-8014481;-47,-50;-42,-59
2584976,-8014466;-15,-15
2585075,-8014374;-99,-92
2585064,-8014360;-131,-123;-72,-92
2587124,-8024255;35,-1
2587124,-8024248;35,-2
2587158,-8024271;-34,1
2591641,-8022249;-50,-59
2591593,-8022278;50,60
2584859,-8016016;-5,-161
2584872,-8015545;-4,-155
2584878,-8014596;54,76;149,140
2584816,-8016973;-10,-231;3,-63
2592977,-8013017;-10,208
2592980,-8013061;-3,44
2592977,-8013234;8,73;-5,100
2592969,-8013022;-11,202;1,112
2593044,-8012815;-17,-205
2593027,-8013020;-4,-44
2593023,-8013064;-14,-125;-13,-50
2593036,-8013025;19,218
2589904,-8019475;-2,-49
2589914,-8019476;-3,-48
2589894,-8019523;2,48
2589819,-8023617;-1,-25
2584435,-8012180;-16,-108
2584424,-8012289;7,43
2584431,-8012246;3,27
2584434,-8012219;6,39
2584441,-8012247;-7,-44
2584444,-8012221;-3,-26
2584451,-8012182;-7,-39
2580942,-8031841;0,-37
2580927,-8031867;0,26
2580917,-8031867;0,32
2584771,-8018794;1,30
2584777,-8018768;-1,-29
2584783,-8018769;-1,-33
2584765,-8018759;0,-31
2585002,-8018822;-1,-35
2584996,-8018822;-2,-33
2585011,-8018823;-2,-34
2573437,-8027444;-1,-25
2573427,-8027469;1,26
2573444,-8027443;-1,-27
2594731,-8015490;-1,-26
2594735,-8015516;0,26
2594718,-8015520;1,37
2587811,-8018578;44,16
2587818,-8018584;43,15
2577023,-8031265;-2,-59
2577027,-8031321;2,56
2577007,-8031331;3,67
2577055,-8031217;39,3
2577054,-8031211;40,4
2577095,-8031231;-39,-3
2579625,-8030790;37,-15;17,-13;35,-46;12,-36;0,-672
2579716,-8031572;2,654;-12,46;-25,38;-37,27;-40,11
2586862,-8022769;-2,-40
2586848,-8022809;1,41
2586869,-8022769;-2,-40
2577416,-8020149;-10,-108
2577421,-8020103;-5,-46
2577428,-8020039;-7,-64
2577413,-8020258;11,107
2577397,-8020255;11,106
2579318,-8014144;15,27
2579322,-8014137;-17,0
2579313,-8014122;17,-1
2579316,-8014117;16,0
2579318,-8014144;0,0
2579312,-8014147;6,3
2579316,-8014152;-9,16
2584412,-8012428;-12,-82
2584389,-8012505;13,81
2584417,-8012428;-13,-85
2584398,-8012423;-12,-82
2585598,-8012660;-2,-59
2585586,-8012712;2,59
2585610,-8012669;-1,-59
2580964,-8013627;-50,-9
2580913,-8013627;50,10
2582536,-8013287;-27,-34
2582502,-8013315;27,34
2592607,-8014907;-2,-62
2592614,-8014971;3,64
2592587,-8014970;3,65
2576245,-8033625;-27,2
2576218,-8033635;10,7;17,-1
2576219,-8033611;27,-1
2579165,-8023974;-32,-6
2579161,-8023982;-29,-5
2579131,-8023965;32,6
2579213,-8023955;29,0
2579242,-8023955;44,-2
2579286,-8023957;38,-1
2579325,-8023950;-112,4
2579252,-8023972;-40,1
2579297,-8023973;-45,1
2579324,-8023974;-27,1
2589886,-8016075;-28,-8
2589860,-8016088;27,8
2589890,-8016095;-26,-8
2592922,-8015298;-46,-14
2592871,-8015323;58,18
2592878,-8015287;46,14
2593859,-8014984;-23,-8
2593864,-8014983;-5,-1
2593836,-8014992;-12,-3
2593826,-8015004;40,13
2593829,-8014972;24,8
2593819,-8014975;10,3
2593853,-8014964;6,2
2576974,-8018997;37,-1
2576927,-8018994;47,-3
2577011,-8018998;42,-3
2576974,-8018988;37,-1
2577011,-8019010;-37,1
2577053,-8019012;-42,2
2576974,-8019009;-47,2
2579324,-8023982;-112,3
2591835,-8032481;26,-1
2587120,-8017318;30,24
2587150,-8017294;9,7
2587159,-8017303;-39,-31
2587160,-8017281;-40,-31
2587120,-8017340;39,31
2578755,-8017808;11,-68;1,-54;-36,-636
2610074,-8012182;7,287
2567078,-8032143;17,7
2567094,-8032190;20,9
2567079,-8032089;-21,-10
2582191,-8013063;-5,54
2588641,-8019110;17,17
2588617,-8019132;24,22
2592925,-8015263;-47,-14
2581074,-8026468;-41,2
2581006,-8026445;47,-7;39,-20;24,-22;43,-58
2581016,-8026435;33,-3
2581008,-8026434;8,-1
2581016,-8026435;22,13
2581003,-8026423;28,-2
2584077,-8030423;-38,-131
2584029,-8030536;38,130
2583981,-8030448;16,-22
2577814,-8020708;28,35
2577799,-8020726;15,18
2577842,-8020673;2,3
2577844,-8020670;3,4
2577847,-8020666;10,9
2577794,-8020720;46,58;3,15
2577847,-8020679;-28,-36
2577864,-8020663;-17,-16
2577819,-8020715;-13,-17
2577809,-8020735;57,68
2577844,-8020670;2,21
2577847,-8020666;4,13
2579369,-8026458;-29,-4
2579340,-8026462;-19,-3
2579327,-8026445;47,9
2579382,-8026334;-61,-101;-32,-38;-49,-27;-58,-12
2579441,-8026600;-8,22;-41,66;-10,36;-3,50;15,57
2579447,-8026612;-6,12
2579441,-8026600;-45,52;-42,27;-38,7;-134,2
2578290,-8021474;-61,-7
2578330,-8021470;-40,-4
2578229,-8021481;-81,-8
2578224,-8021469;61,7
2578146,-8021478;78,9
2578285,-8021462;44,5
2578150,-8021498;180,18
2580833,-8026201;1,42
2580838,-8026207;1,43
2580849,-8026175;-1,-43
2577307,-8019986;-20,-154
2577298,-8020101;11,79
2577293,-8020141;5,40
2577309,-8020022;5,34
2579420,-8025613;35,2
2579414,-8025613;6,0
2579455,-8025623;-41,-3
2579456,-8025606;-41,-2
2579455,-8025629;-42,-2
2579272,-8026548;26,-15
2579266,-8026556;28,-14
2584752,-8031436;22,-1
2584740,-8031436;12,0
2584750,-8031436;-8,-14
2584787,-8031451;-40,2
2579490,-8024539;40,-21
2579521,-8024547;-27,15
2579526,-8024569;-40,21
2578245,-8032041;36,-16
2578242,-8032047;39,-10
2578054,-8032313;-2,83;3,28;13,41;35,58;39,34;44,22;64,11;197,-27
2578243,-8032075;39,-4
2578242,-8032084;40,-4
2578282,-8032098;-39,3
2578281,-8032108;-39,2
2591586,-8023628;-31,0
2591587,-8023633;-32,1
2591556,-8023612;31,-2
2590980,-8019991;34,12
2591016,-8019982;-31,-12
2592836,-8015609;38,-1
2592836,-8015603;38,-2
2593858,-8015056;46,15
2583977,-8030452;17,-21
2584172,-8030627;-35,-22
2584164,-8030616;-31,-22
2584144,-8030656;35,20
2586123,-8022390;1,37
2586133,-8022359;-1,-34
2586118,-8022388;2,38
2586136,-8022395;1,33
2582159,-8027983;30,28
2581681,-8027304;-26,1
2581703,-8027306;-22,2
2581681,-8027304;13,12
2581656,-8027295;30,-1;4,3
2578468,-8023128;30,-1
2578469,-8023118;29,-1
2578498,-8023139;-29,1
2578534,-8022293;36,0
2578492,-8022293;42,0
2578570,-8022293;29,0
2578490,-8022285;109,0
2578490,-8022302;109,0
2592702,-8012253;1,-23
2592707,-8012254;1,-19
2592709,-8012292;2,-21
2576194,-8034825;22,-1
2576215,-8034833;-21,1
2576201,-8034822;-2,1
2576215,-8034822;-14,0
2576200,-8034837;-3,0
2576214,-8034837;-14,0
2576183,-8034758;0,-24
2592753,-8012622;-13,17
2592704,-8012291;3,-24
2577775,-8029622;2,64
2577786,-8029542;-1,-64
2574805,-8031958;1,25
2574797,-8031933;0,-25
2574820,-8031933;0,-26
2568936,-8028484;-35,1
2568896,-8028476;34,-1
2568907,-8028492;37,-1
2569232,-8032153;-40,2
2569232,-8032148;-40,1
2569192,-8032156;40,-1
2576932,-8019747;-89,3
2576844,-8019749;88,-3
2576803,-8019747;41,-2
2576932,-8019752;41,-2
2576932,-8019762;-89,4
2576972,-8019763;-40,1
2576843,-8019758;-40,1
2570623,-8026086;-36,1
2570587,-8026081;36,-1
2570623,-8026091;-36,1
2570731,-8027319;-27,1
2570703,-8027322;28,-1
2561072,-8031023;-25,-1
2561046,-8031020;25,0
2566635,-8027963;-30,-8
2587130,-8023416;40,4
2587130,-8023411;39,4
2587171,-8023425;-40,-4
2587088,-8025101;35,-1
2587123,-8025097;-33,1
2587099,-8025084;24,0
2587091,-8025083;8,-1
2586514,-8022610;-41,2
2586475,-8022613;41,-2
2586467,-8022596;41,-1
2592170,-8030933;-62,3
2592130,-8030919;39,-1
2592109,-8030918;21,-1
2578864,-8023136;36,-1
2578761,-8023134;103,-2
2578900,-8023137;162,-3
2579062,-8023131;-301,6
2578761,-8023144;301,-5
2565577,-8030876;0,-23
2565572,-8030896;1,23
2565581,-8030902;1,24
2554903,-8034773;-33,1
2569185,-8030922;44,-1
2569228,-8030913;-44,1
2569186,-8030931;44,-2
2578987,-8018114;9,176
2578986,-8018146;1,32
2578967,-8018546;19,400
2578972,-8018546;29,609
2578962,-8018545;29,608
2579033,-8017163;3,62
2579038,-8017164;2,64
2579069,-8016397;-3,-61
2579063,-8016528;-3,-62
2579081,-8016133;-2,-62
2579084,-8016195;3,61
2579073,-8016193;3,60
2579087,-8016007;-2,-58
2579090,-8016065;2,57
2579082,-8016007;-2,-57
2579100,-8015745;-3,-50
2579092,-8015794;3,49
2579105,-8015746;-3,-49
2579106,-8015613;-2,-50
2579099,-8015663;2,50
2579111,-8015614;-2,-49
2579134,-8015031;-3,-59
2579136,-8015090;3,57
2579126,-8015083;2,48
2579119,-8015347;-3,-59
2579121,-8015407;2,57
2579110,-8015405;3,56
2579161,-8014505;-9,-144
2579166,-8014504;-9,-141
2579147,-8014645;9,141
2574759,-8020158;-62,98
2574810,-8020219;-51,61
2574801,-8020232;-53,64;-62,101
2574717,-8020045;55,-77;62,-67
2573243,-8016109;-404,452
2572845,-8015650;404,-452
2574632,-8018990;16,1096
2574626,-8018992;15,1099
2574658,-8017894;-16,-1097
2578693,-8027153;2,55
2579414,-8026295;-32,-39
2576982,-8019359;-47,1
2576925,-8019357;-32,1
2576893,-8019356;-26,4
2576893,-8019356;-26,-1
2576935,-8019365;47,-2
2576867,-8019363;57,-2
2576867,-8019341;70,-3
2576948,-8019344;46,-2
2576948,-8019336;47,-2
2576868,-8019334;69,-2
2577039,-8019361;-47,1
2569178,-8030661;31,8
2569210,-8030665;-31,-9
2569177,-8030653;32,7
2569210,-8030670;-31,-9
2582670,-8012492;-49,5
2582669,-8012497;-48,5
2582621,-8012479;49,-5
2582671,-8012480;-48,6
2580808,-8031765;22,22
2577801,-8017848;199,-462;21,-71;12,-63;5,-119
2577808,-8017844;205,-480;27,-114;6,-126
2578026,-8018562;-1,62;-6,61;-25,107;-204,477
2577916,-8018210;-131,306
2578001,-8018534;-5,84;-14,68;-20,65;-35,81
2588737,-8014262;32,-137
2588727,-8014217;10,-45
2588657,-8013917;70,-300
2588652,-8013919;111,-479
2588743,-8014260;31,-136
2588662,-8013376;-2,-50
2588670,-8013376;-2,-51
2588655,-8013376;-2,-50
2588681,-8012763;-5,-109
2588689,-8012764;-4,-108
2588697,-8012764;-5,-109
2588923,-8015087;-17,76
2588915,-8015008;18,-77
2573839,-8028452;-16,-4
2573821,-8028465;24,5
2572335,-8026684;17,21
2571244,-8026704;-1,-32
2571247,-8026736;1,32
2587783,-8012998;19,-109
2578046,-8020694;-2,-59
2578050,-8020694;-2,-59
2578054,-8020695;-2,-58
2576562,-8018832;-12,62;-1,54;7,55;23,68
2576576,-8018591;-22,-64;-9,-62;3,-61;10,-55
2576587,-8018596;-19,-52;-10,-54;1,-69;11,-58
2576591,-8018598;-18,-50;-11,-56;0,-62;12,-63
2579120,-8021860;-3,14
2584472,-8017789;36,17
2579667,-8013501;-18,0
2579661,-8013514;-12,11
2579657,-8013490;18,1
2579659,-8013519;-5,6;-14,1
2579210,-8014301;1,-33
2579216,-8014289;4,-33
2579200,-8014356;4,45
2585773,-8012929;-42,31
2585357,-8014391;52,-15
2585358,-8014386;51,-16
2577306,-8015146;106,56
2577252,-8015174;54,28
2577758,-8016357;147,77
2578080,-8016189;151,81
2586988,-8012416;-4,-77
2586989,-8012494;4,80
2584641,-8012738;32,-6
2579560,-8013669;15,0
2579568,-8013687;-9,14
2579563,-8013685;7,3
2579566,-8013660;17,4
2579564,-8013696;-3,13;-8,4
2579562,-8013685;1,0
2588973,-8015177;48,11
2589360,-8015306;29,-1
2592825,-8016201;37,-2
2592826,-8016194;36,-1
2592862,-8016218;-37,2
2593218,-8017031;78,-2
2593296,-8017033;5,0
2593205,-8017022;79,-3;6,5
2568475,-8017090;-25,-15
2769261,-8041344;-31,9
2769237,-8041324;31,-9
2785831,-8044746;179,-92
2786010,-8044838;209,-107
2763851,-8043369;-2,129
2763844,-8043256;1,-128
2763862,-8043200;2,-128
2775802,-8042088;30,53
2775468,-8042656;205,349
2775981,-8041794;284,410
2763229,-8036291;18,-1461
2763234,-8037752;-16,1461
2764915,-8040037;18,-5
2764933,-8040042;12,-3
2764948,-8040036;-31,8
2765334,-8036962;-20,-231;-110,-946
2765211,-8038140;117,1020;12,158
2765193,-8038137;110,948;19,228
2759781,-8041409;38,0
2759820,-8041419;-39,-1
2760500,-8038223;52,-15
2760553,-8038230;-51,14
2760547,-8038256;-51,15
2760959,-8047958;-13,-26
2760956,-8048003;18,0
2771948,-8047857;0,16
2764953,-8039001;33,-1
2762686,-8037851;24,-1
2762709,-8037866;-23,1
2763923,-8043017;49,2
2763973,-8043009;-48,-2
2763967,-8043028;-48,-2
2763977,-8042967;-23,10
2764977,-8038305;-35,12
2764943,-8038276;34,-13
2765634,-8038418;37,-3
2765669,-8038437;-35,4
2764940,-8038263;39,-15
2759893,-8040590;45,1
2759895,-8040582;44,0
2763375,-8044681;44,6
2763416,-8044688;-45,-6
2764744,-8040567;28,-12
2764740,-8040577;28,-12
2764775,-8040569;-28,11
2776921,-8050597;53,47
2776915,-8050590;52,47
2776989,-8050563;-52,-47
2776996,-8050567;-52,-47
2763164,-8047917;0,-28
2763171,-8047917;2,-28
2769319,-8043505;45,1
2769364,-8043497;-46,0
2769319,-8043513;45,0
2768976,-8042064;0,37
2768967,-8042064;0,37
2768991,-8042026;0,-38
2760400,-8038686;27,-12
2760429,-8038690;-27,12
2760398,-8038695;27,-12
2762840,-8046326;28,-1
2762863,-8046337;-27,0
2766809,-8046281;0,17
2769369,-8046303;-34,0
2769335,-8046280;34,-1
2775867,-8048523;-26,25
2775837,-8048505;25,-24
2776497,-8047649;-24,18
2776468,-8047636;27,-21
2764462,-8041370;50,0
2764460,-8041376;50,1
2764254,-8042041;29,0
2764285,-8042035;-30,0
2764281,-8042047;-29,0
2770458,-8046232;1,-23
2764829,-8036774;-23,-30
2719722,-8025706;-42,0
2719721,-8025712;-41,0
2719680,-8025691;42,1
2720316,-8026076;32,-48
2720301,-8026053;15,-23
2720150,-8025817;151,-236
2717538,-8025847;-239,-504
2717290,-8026345;237,501
2718922,-8025702;43,0
2718965,-8025697;-42,0
2713647,-8018240;5,-15
2714650,-8019133;36,66
2716941,-8020309;10,-22
2716951,-8020325;-8,17
2706445,-8012283;14,41
2706459,-8012242;10,28
2706469,-8012214;13,41
2706449,-8012285;14,42
2719033,-8029765;13,-3
2719744,-8023259;0,32
2717226,-8027077;0,24
2717220,-8027075;-1,48
2717237,-8027048;0,-24
2717241,-8027045;1,-23
2725090,-8022726;15,53
2725097,-8022726;15,54
2725097,-8022673;-14,-50
2725226,-8022270;79,252;65,232;64,257
2725535,-8021128;-59,-217
2725488,-8021339;56,211
2720405,-8019815;261,612;333,658
2720405,-8019850;92,201
2720983,-8018530;-65,-136
2720082,-8025766;171,-56;104,-26;175,-37;364,-48;139,-25;125,-28;153,-44
2721315,-8026021;-156,44;-188,41;-181,28;-152,16;-195,34;-165,39;-193,60
2720083,-8025740;195,-61;137,-34;147,-29;411,-55;193,-43;153,-43
2719732,-8021141;125,280;83,163;94,168;112,184
2715385,-8020010;48,1
2697458,-8013692;19,26
2698528,-8011517;-9,50
2698521,-8011445;14,-69
2716848,-8028068;0,-19
2717243,-8021030;21,57
2714556,-8019692;21,-30
2716101,-8026041;-1,125;-8,62;-20,79;-286,829;-9,56;-2,70;21,82
2716095,-8025825;-22,76;-231,667
2715854,-8025077;233,-668;20,-78
2714111,-8018854;23,57
2720059,-8029530;54,14
2720114,-8029521;-54,-15
2718798,-8018908;-6,-11
2460609,-8163756;-258,-556
2460341,-8164299;253,544
2465610,-8129742;61,190;36,173;257,1623
2465979,-8127757;-260,-1644;-29,-139;-29,-102;-38,-106
2456501,-8175063;-53,20
2456504,-8175056;-52,21
2513754,-8040227;26,21
2513756,-8040233;25,23
2513789,-8040229;-34,-29
2493876,-8061141;124,141
2495178,-8058886;93,235
2500263,-8052958;4,-97
2500252,-8053055;-4,97
2459158,-8166876;160,345
2459149,-8166867;158,340
2461584,-8161651;-108,-234
2457099,-8174901;-33,-103
2457051,-8174998;33,102
2489498,-8066546;-99,-195
2463385,-8158536;-198,-322
2463370,-8158535;-192,-313
2488363,-8068796;-121,-238
2462664,-8159712;-97,-158
2462650,-8159709;-94,-153
2464149,-8157280;-67,-109
2465500,-8153986;-69,-237
2465418,-8154219;69,237
2465051,-8155501;-36,-125
2466720,-8138362;-57,-272
2466677,-8138501;-25,-118
2466240,-8151450;-125,-427
2466108,-8151852;112,385
2466468,-8139522;-50,-237
2466330,-8140177;-42,-192
2466262,-8146388;19,-336
2466249,-8146401;18,-309
2466022,-8142275;80,-1371
2466087,-8143635;-37,624
2457693,-8172075;120,785
2457687,-8172074;119,785
2457827,-8171294;-120,-782
2473063,-8102885;-25,-124
2473070,-8102881;-27,-131
2473026,-8103005;25,124
2500274,-8053054;-5,97
2517929,-8038035;428,-615
2517628,-8037609;301,-426
2518352,-8038655;-425,610
2517927,-8038045;-99,142
2518162,-8038348;100,-141;95,-161
2518110,-8038328;-103,149;-80,134
2517929,-8038035;94,-116;110,-157
2456101,-8178733;-11,66
2456094,-8178662;12,-70
2456097,-8178733;-12,70
2457027,-8166916;-32,-47
2463847,-8155563;-46,47
2460361,-8157051;-32,-77
2466104,-8145111;27,1
2470476,-8108252;33,10
2469790,-8134114;6,-673
2477909,-8091498;63,-30
2528378,-8033066;2,97
2527948,-8034323;-9,34
2528269,-8035441;-9,32
2528385,-8035843;-9,31
2653890,-8005737;43,3
2653891,-8005745;42,3
2653934,-8005755;-43,-2
2680828,-8005600;50,-9
2680876,-8005625;-49,10
2683171,-8006013;40,9
2683140,-8006020;31,7
2683091,-8006032;49,12
2683213,-8005999;-43,-11
2683170,-8006010;-31,-7
2683213,-8006014;-38,-9
2683175,-8006023;-29,-7
2683146,-8006030;-54,-12
2642197,-8007382;47,8
2642197,-8007387;48,8
2642246,-8007389;-47,-8
2639421,-8009878;3,27
2639442,-8009850;-5,-35
2647407,-8006255;0,22
2647407,-8006233;1,36
2647408,-8006197;0,25
2695256,-8007939;1,37
2695257,-8007902;0,32
2695257,-8007870;2,108
2695252,-8007935;1,33
2633921,-8007244;27,31;26,11
2633908,-8007260;13,16
2633861,-8007305;20,14;27,31
2654525,-8004340;47,9
2654526,-8004345;47,9
2646168,-8006431;0,78
2646163,-8006353;-1,-79
2646175,-8006354;0,-77
2661536,-8004136;13,-218
2661549,-8004354;2,-32
2661551,-8004386;14,-228
2661539,-8004355;-14,218
2661541,-8004388;-2,33
2661555,-8004615;-14,227
2684466,-8006660;1,-50
2684465,-8006629;1,-31
2684464,-8006591;1,-38
2684473,-8006710;-1,50
2684455,-8006710;-1,49
2684454,-8006661;0,32
2684454,-8006629;-1,38
2638643,-8007004;-1,-57
2638642,-8007061;0,-39
2638642,-8007100;-1,-53
2638632,-8007061;0,57
2638631,-8007100;1,39
2638631,-8007153;0,53
2638645,-8007153;2,150
2638627,-8007005;-1,-149
2651452,-8005582;1,35
2651452,-8005635;0,53
2651453,-8005547;0,52
2651448,-8005636;1,142
2680846,-8008555;1,-49
2680854,-8008552;0,-54
2680832,-8008605;-2,50
2680824,-8008551;2,-54
2678303,-8004820;-5,74;11,338;9,102;17,92
2678298,-8004819;-5,115;12,330;4,52;21,112
2678346,-8004216;-17,-93;-9,-101;-11,-335;5,-73
2636236,-8009730;-20,49
2636229,-8009733;-19,48
2636233,-8009675;19,-49
2643971,-8006723;1,180
2643972,-8006543;0,55
2643972,-8006488;0,188
2643984,-8006543;0,-180
2643984,-8006488;0,-55
2643985,-8006300;-1,-188
2643964,-8006725;0,464
2643991,-8006299;-1,-426
2636820,-8012961;-1,42
2636812,-8012961;-1,42
2636837,-8012917;1,-44
2694598,-8009121;252,214
2694849,-8008900;-257,-216
2694858,-8008919;-253,-212
2684472,-8006628;-1,44
2681753,-8008195;-37,34
2681715,-8008166;36,-32
2681725,-8008145;37,-33
2652703,-8005432;0,127
2652709,-8005432;0,38
2652709,-8005394;0,55
2652709,-8005339;0,34
2652716,-8005432;0,127
2693426,-8014208;1,78
2693447,-8014116;-1,-78
2693394,-8011344;-1,48
2693387,-8011296;1,-46
2693409,-8011297;1,-46
2693382,-8008384;-2,139
2693383,-8008418;-1,34
2693380,-8008245;1,45
2693384,-8008616;-1,198
2693373,-8008381;-2,178
2693399,-8008200;0,-190
2693399,-8008390;1,-34
2693400,-8008424;1,-150
2693401,-8008574;0,-48
2693408,-8008197;-1,-195
2678292,-8009168;-2,49
2678304,-8009119;2,-49
2670590,-8004455;10,-157
2670600,-8004612;4,-63
2670604,-8004675;2,-31
2670606,-8004706;5,-82
2670589,-8004614;-10,158
2670593,-8004676;-4,62
2670600,-8004789;-7,113
2677030,-8009151;3,-37
2677018,-8009189;-3,39
2677010,-8009148;3,-39
2693792,-8008288;-58,29
2693729,-8008264;56,-30
2693778,-8008305;-55,31
2693771,-8008310;-56,32
2694177,-8008418;61,-9
2694251,-8008420;-71,9
2694231,-8008439;-62,9
2694222,-8008445;-65,11
2678367,-8004092;4,116
2678365,-8003970;-4,-111
2678349,-8004080;4,110
2684376,-8005720;8,-37
2684379,-8005763;-10,39
2671808,-8004359;-4,-100;7,-215
2671801,-8004675;-8,226;4,92
2638602,-8010442;38,-226
2638645,-8010662;-38,226
2638630,-8010679;-38,226
2638586,-8010459;38,-226
2667568,-8004091;14,110
2667539,-8004716;-3,63
2667549,-8004829;-14,290
2667534,-8004672;1,-29
2667539,-8004539;15,-290
2667550,-8004701;-1,29
2667528,-8004540;6,-132
2675881,-8008838;-1,33
2675875,-8008838;-1,32
2675897,-8008805;1,-32
2681408,-8007358;50,1
2681460,-8007346;-54,-2
2693846,-8007252;6,43
2693852,-8007253;5,43
2688250,-8007750;1,-21
2688235,-8007771;0,21
2686492,-8006333;-26,-1
2686490,-8006338;-22,-2
2686464,-8006330;28,1
2685816,-8007181;42,2
2685825,-8007189;19,0
2685822,-8007172;19,0
2694078,-8012001;-26,-30
2694086,-8011992;-8,-9
2694079,-8012009;-19,-22
2694074,-8011992;-24,-29
2694156,-8011801;0,-37
2694160,-8011809;1,-28
2694146,-8011804;1,-38
2688211,-8007182;-1,222
2688202,-8006960;0,-220
2688201,-8006921;1,-39
2688202,-8006754;-1,-167
2688187,-8007174;0,220
2688187,-8006954;0,38
2688187,-8006916;-1,161
2688178,-8007173;-1,220
2679734,-8009042;-3,49
2679742,-8009043;-3,50
2679748,-8009038;-2,52
2693571,-8013975;38,-20;23,-20
2693575,-8013970;27,-14;34,-28
2693624,-8014025;-24,21;-35,19
2685570,-8007181;26,1
2685570,-8007186;25,0
2694301,-8012181;74,-1
2694303,-8012188;72,0
2675088,-8011770;-33,-2
2675084,-8011759;-34,-2
2675538,-8008784;27,22
2675563,-8008753;-28,-22
2675579,-8008764;-40,-29
2674891,-8007151;-23,17
2674894,-8007158;-26,20
2674873,-8007122;23,-17
2657944,-8008964;23,-1
2657944,-8008954;23,-2
2657967,-8008979;-24,1
2657226,-8012969;0,24
2657241,-8012944;0,-24
2657217,-8012901;-9,1
2657248,-8012968;0,26
2658413,-8004231;-1,29
2658407,-8004231;-1,29
2658418,-8004231;0,31
2654945,-8013109;0,40
2654958,-8013069;0,-40
2654939,-8013069;0,-40
2654964,-8013109;0,40
2658418,-8004587;-2,62
2658424,-8004586;-2,61
2658427,-8004676;-3,90
2658422,-8004525;-3,90
2658430,-8004586;-2,61
2634417,-8012901;0,-30
2634403,-8012931;0,31
2633951,-8007757;-6,25
2633945,-8007732;-7,28
2633938,-8007704;-6,24
2633956,-8007756;-19,78
2633948,-8007759;-19,74
2636966,-8009459;4,-18
2636975,-8009478;-4,22
2636960,-8009481;-5,20
2636957,-8009485;-5,23
2651445,-8007869;4,25
2642431,-8009215;53,-1
2642431,-8009220;53,-2
2642431,-8009212;53,0
2642484,-8009238;-53,1
2643418,-8009942;-6,38
2655279,-8013103;9,29
2655297,-8013074;-10,-29
2655272,-8013103;9,26
2653953,-8009081;-35,1
2653953,-8009088;-35,1
2653918,-8009063;35,-1
2653898,-8006444;47,1
2653946,-8006455;-47,1
2653948,-8006432;-49,0
2633187,-8012896;0,28
2633202,-8012868;0,-28
2635729,-8012940;1,33
2635734,-8012908;1,-27
2635058,-8007587;-4,-51
2635058,-8007547;0,-40
2635059,-8007638;4,53
2635063,-8007585;0,48
2635063,-8007537;-3,55
2635071,-8007585;-4,-55
2635071,-8007538;0,-47
2635068,-8007482;3,-56
2642237,-8007640;54,8
2653924,-8014732;-29,0
2653925,-8014739;-29,1
2653896,-8014714;29,0
2653901,-8010656;-38,0
2653900,-8010647;-28,0
2653899,-8010666;-27,1
2642458,-8012203;-41,0
2642417,-8012211;31,-1
2642418,-8012186;40,0
2642429,-8014661;-24,0
2642435,-8014669;-34,1
2642405,-8014644;24,-1
2653909,-8012289;-35,-1
2653874,-8012297;35,0
2653874,-8012273;35,1
2653874,-8012264;35,0
2655717,-8008521;1,33
2655725,-8008522;1,34
2635049,-8009778;-1,-60
2635037,-8009838;1,60
2653916,-8014706;-26,-1
2642437,-8014635;-37,1
2634404,-8009695;13,-37
2634401,-8009689;3,-6
2634407,-8009690;15,-43
2634405,-8009731;-16,43
2653177,-8008440;0,39
2653170,-8008401;0,-39
2653184,-8008440;0,39
2643952,-8009773;1,52
2643966,-8009720;0,-49
2643971,-8009776;-1,61
2632247,-8008347;-37,8
2632372,-8008392;-35,17
2632529,-8008494;-53,34
2633920,-8009794;-16,-7
2634101,-8009712;1,42
2634104,-8009712;1,42
2634114,-8009670;0,-40
2634119,-8009670;-1,-40
2633024,-8009648;14,-62
2633028,-8009648;14,-61
2633035,-8009711;-14,62
2633030,-8009647;14,-60
2635648,-8009801;3,-50
2638639,-8009631;-4,-31
2638622,-8009660;3,31
2638616,-8009659;3,31
2652437,-8008446;1,39
2652434,-8008406;-2,-38
2652443,-8008409;-2,-38
2654680,-8008565;-1,-30
2654685,-8008595;1,30
2654664,-8008595;0,31
2654656,-8008595;1,31
2642936,-8008424;4,-19
2642432,-8008153;53,1
2654897,-8008640;7,43
2654915,-8008599;-7,-42
2654896,-8008602;-4,-31
2654913,-8008642;7,42
2681747,-8006822;2,-32
2681744,-8006853;-1,35
2681752,-8006852;-1,33
2653929,-8004722;3,16
2695800,-8010322;2,-72
2695795,-8010388;-1,60
2695807,-8010325;2,-63
2669525,-8004212;3,-90
2682974,-8007729;12,-1
2682974,-8007734;12,-1
2682989,-8007725;-15,1
2683610,-8010586;0,-34
2675094,-8007859;-24,-17
2675073,-8007879;25,17
2675073,-8007885;25,18
2674878,-8007118;23,-18
2673363,-8009227;-23,-14
2673339,-8009248;24,15
2673338,-8009217;25,14
2735450,-8024588;19,-5
2735452,-8024580;19,-5
2736279,-8024866;59,-20
2736282,-8024858;57,-20
2746630,-8033167;-65,36
2746633,-8033159;-64,37
2746626,-8033177;-65,37
2746583,-8033000;59,-24
2747203,-8032439;63,184
2747193,-8032467;10,28
2747062,-8032847;131,380
2745580,-8032337;390,850
2745576,-8032330;387,847
2745976,-8031490;-388,-848
2746919,-8034980;-47,-1
2746871,-8034960;46,2
2747684,-8034977;-46,-1
2747639,-8034955;45,2
2737815,-8025549;73,-34
2737818,-8025542;72,-33
2747291,-8033816;0,-61
2730383,-8032201;139,407;20,83;12,85;6,129;-6,95;-17,107;-42,160
2730503,-8031003;-1,-75;6,-59;42,-168;15,-99;6,-97;-4,-105;-12,-95;-29,-118;-113,-319;-19,-66
2730376,-8032199;131,378;30,121;11,85;5,126;-8,102;-21,112;-37,142;-7,63;1,69
2745098,-8033247;45,-1
2725854,-8029016;31,-57
2725860,-8029018;27,-52
2725879,-8029079;-31,57
2726250,-8033592;-78,0
2726172,-8033596;78,0
2456755,-8179536;-92,1
3036991,-8727693;275,117;85,20;64,3
3036986,-8727675;290,120;85,18;54,1
2514972,-8092149;-70,-108
2873626,-8075455;24,-20
2873615,-8075445;11,-10
2873650,-8075475;15,-13
3040004,-8670103;-1,-100
2783973,-8248169;-4,-23
2783977,-8248170;-4,-23
#B
13:0
14:1,2
15:3,4
16:5,6
18:7,8,9
20:10,11
21:12,13
24:4,3
25:14,15
26:16
27:17,18
35:19
37:20,21,12
38:22,23
42:24
43:25
44:26,27
45:23,22
48:5,6,28,29
53:30
59:31,32
60:33
61:34,35
63:36
64:37
65:38
66:39
67:40
71:41
76:42
78:43
79:44
93:45
94:45
102:46,47,48
104:49,50
105:51
106:52
107:53
108:54
115:55,56,57
135:58,59,60,61
142:62,63
143:64,65
150:66,67,68
159:69,70,71,72
165:57,55,56
176:73,74
177:75,76,77
178:78,79,80
179:81,82
180:83,84
181:85
182:86,87
190:88
191:89
192:90
202:91
203:92
210:93
211:94
223:95,96,97
309:98
310:99,100,101
316:102,103
317:104,105
324:106,107,108
325:109
326:110,111,112
327:113,114,115
330:116,117,118
334:119,120,121
358:122,123
359:124,125
360:126,127
361:127,126
363:128,103,102
364:129,130,131
365:131,132,129
366:108,133,106
370:134,97,96
372:118,135,116
376:136,137,138
392:139
403:140,141,142
407:143,144
416:145,146,147
424:148,149
425:150,151
426:152,153
427:154,155
433:156,157,158
434:159
435:160
442:161,162
443:163,164
445:165,166
447:167,168
450:169,170
455:171,172,173
488:174,175,176
489:177,178
490:179,180,181
492:182,183,184
493:184,185,182
498:186
713:187
717:188
718:189
719:190
721:191
722:192
768:193,194,195
774:196,197,198
778:199
779:200,201
783:202,203
784:204,205
785:206,207
789:208,209,210,211
795:212,213,214
796:215,216
797:216,215
798:217,218
802:219,220
803:221,222,223
804:198,196,197
805:203,202
806:205,204
807:206,207
829:224
832:225,226
833:227,228
834:229,230
835:231,232
836:233,234,235
837:236,237
838:238,239,240
841:228,227
847:241,242,243
848:244,245
849:244,245
852:246,247
857:247,246
858:248,249,250
865:251
871:252,253
872:248,249,250
880:254,255,256
899:257,258,259
903:230,229
904:260,261,262
905:245,244
908:263
909:264,265,266
915:267,268,269
920:270,269
922:271,272
931:273,274,275,276,277,278,279,280,281,282
932:283,284,285
933:241,242,243
934:266,286,264
981:287,288
982:287,288
988:289,290,291
989:292,293
994:294,295,296
995:296,297,294
1000:201,200
1007:298,299,300
1008:301,302,303
1009:303,304,301
1011:305,306
1012:306,305
1024:307
1092:308
1093:309
1095:310,311
1100:312,313,314,315,316
1107:317
1116:318
1123:243,241,242
1132:319,320,321,322,323,324,325,326,327,328,329,330
1133:331,332,333,334,335
1134:336,337,338,339,340,341,342,343,344
1135:345,346,347,348,349,350,351,352,353,354,355,356
1136:357,358,359
1137:360,361,362
1138:363,364,365
1139:366,367,368,369,370
1140:371,372,373,374
1141:375
1146:370
1147:376,377,369,368,367,366
1149:378,379,380,381,382,383
1150:384,385,386,387
1156:388
1206:389,390,391
1207:392,393,394,395,396
1208:397,398
1211:399,400,401
1213:402
1214:403,404,405,406
1216:407
1218:408
1227:409
1229:410
1233:411,412
1240:413,414,415
1241:416,417
1242:418,419,420
1252:421
1257:422
1271:423
1275:424,425,426
1278:427,428,429
1279:429,427
1281:430,431
1284:432
1289:433,434
1290:435,436,437
1291:438,439
1303:440
1304:441
1307:442,443
1310:444
1312:445,446,447
1316:448,449,450,451
1319:452
1320:453
1330:454
1331:455,456
1343:457,458,459,460
1344:461,462,463
1345:464,465,466
1346:466,467,464
1347:468,469,470
1348:470,471,468
1349:472,473
1352:447,445
1355:456,455
1357:474,475,476,477,478,479
1361:480
1364:481,482,483
1365:484,485,486
1366:487,488,489,490
1369:491
1373:492,493,494
1375:495,496,497
1376:498
1383:499
1384:500
1385:454
1392:501,502,503,504
1395:505,506,507,508
1396:509,510,511
1423:512,513,514
1426:515,516
1433:517,518
1434:518,517
1446:519,520,521
1466:522,523,524,525
1502:526,527
1507:528,529,530
1509:531,532,533
1512:534,535
1537:536,537,538,539
1538:540
1547:541,542
1549:543,544
1550:544,543
1560:545,546
1561:547,548,549,550
1562:551,552
1563:553,554
1564:555
1572:556,557,558
1593:559,560
1594:561
1596:562,563
1603:541,542
1604:564,565
1605:566
1621:567
1627:568,569
1649:570,571,572
1652:573
1667:574
1668:575
1677:576
1678:577
1684:578,579,580,581
1716:582,583
1718:584
1725:585
1727:586,587,588,589
1732:590,591,592
1743:593
1747:594
1749:595,596
1780:597
1782:598,599
1783:600,601
1784:602,603
1787:604
1788:605
1792:605
1798:606
1799:607,608
1800:601,600
1801:603,602
1802:609,610
1810:611,612,613
1811:614
1812:615,616,617
1813:618,619,620
1817:621
1818:622,623,624,625
1819:626,627,628,629,630,631,632
1822:633,634,635
1824:636
1826:637,638,639
1827:640,641
1828:642,643
1829:644
1832:645,646,647
1833:648,649
1834:650
1835:651,652,653,654
1837:655,656
1840:613,657,611
1844:658,659,660
1845:661
1846:662,630,631,632,626,627,628
1847:641,640
1848:643,642
1849:663,664
1850:656,655
1852:665,666
1853:667,668,669
1858:639,670,637
1859:671,672,673
1860:674,675,676
1861:676,677,675
1871:678,679,680
1872:681,682,683
1873:660,684,658
1874:685,686
1877:687,688,689
1878:690,691,692
1879:693,694,695,696
1880:695,697,698,693
1882:699,700
1883:700,701,699
1884:699,702,700
1890:703
1892:637,638,639
1893:704,705,706
1895:707
1902:708,709,710,711
1903:712,713,714
1904:714,715,712
1913:716,717,718
1914:719,720,721
1925:722,723
1926:722,649
1927:723,724
1928:725,726
1929:726,725
1930:722,723
1931:723
1932:727
1933:728,726,729,730,731,732
1934:729,731,728,726,732,730
1938:733,734,735
1939:736,737,738
1942:739
1943:740,741,742,743,744,745,746
1947:747,748,749
1951:750
1952:751
1953:752
1954:753,754
1963:755
1965:756
1968:757,758
1973:759
1974:760
1976:761
1983:762,763
1986:764
1989:765,766,767
1995:768
2008:769
2013:770
2021:771,772,773
2022:774,775
2028:776,777
2035:778
2046:779
2052:780,781,782
2059:783,784,785,786
2060:787,788
2061:789,790,791,792
2062:793,794,795,796
2066:797
2067:798
2069:799
2071:799
2073:621
2075:800,801,802
2085:803,804
2087:805
2088:806
2089:807
2090:808,809
2092:810
2095:811,812,813
2096:814,815
2301:816,817
2303:818
2304:819,820,821
2307:822,823
2310:817,816
2311:824,825,826
2312:827,828,829
2315:830,831,832,833,834,835,836
2316:837,838,839
2318:840
2319:841
2320:842
2321:843,844
2322:845,846,847,848
2325:849
2326:834,835,836,850,830,831,832
2328:851,852
2332:853
2343:854,855
2354:856,857
2365:856,857
2366:858,859,860
2373:844,843
2376:861,862,863
2378:864,865,866
2379:865,867,864,866,868
2380:869,868,866
2381:870,871,872
2382:873,874,875
2383:875,876,874
2384:877,878
2385:879,880
2386:881,882,883,884
2389:824,825,826
2394:821,885,819
2400:886
2410:887
2416:888
2419:889
2420:890,891,892
2421:893,894
2422:895,896
2423:897,898
2427:899
2429:900
2430:901
2431:902
2432:903,904
2437:905
2439:906
2440:907
2444:908
2450:909
2456:910,911,912
2457:913,914
2459:915,916
2460:917,918,919
2461:920,921,922,923
2463:924
2471:925
2472:926
2483:927,928
2484:929
2485:930
2493:931
2494:932
2495:933
2497:934
2498:935
2499:936
2503:937
2504:938
2506:939
2507:940
2508:941
2516:942,943
2522:944
2523:945
2524:946
2525:947
2526:948
2527:949,950,951
2536:952
2537:953,954,955
2540:956,957
2697:958
2839:959
2840:960
2855:961
2913:544,543
2948:962
2951:963
2952:964
2956:965
2981:966
2989:967
2997:968
3001:969
3002:965
3003:970
3125:971
3161:972
3197:973,974,975
3201:976
3203:977
3204:978,979
3205:980
3206:981
3215:982
3223:983
3224:984
3225:985,986,987
3231:988,989,990,991
3232:992,993,994
3233:995
3234:996,997
3244:998,999,1000
3245:1001,1002,1003
3246:1003,1002
3247:1004,1005,1006,1007,1008
3251:1009,1010
3254:997,1011,996
3256:1012,1013
3257:1013,1012
3260:1014
3261:1015
3265:1016,1017,1018
3267:1019
3273:1020,1021,1022,1023,1024
3275:1025
3287:1026,1027,1028
3289:1029
3290:1030
3334:1031
3340:1032,1033
3341:1034
3358:1035
3368:1036
3370:1037,1038,1039
3375:1040,1041
3376:1042,1043,1044,1045,1046,1047
3377:1048,1049,1050,1051,1052,1053,1054
3378:1055
3379:1056
3382:1057
3385:1058,1059
3386:1058,1059
3390:1060
3391:1040,1041
3393:1061
3395:1062,1063
3396:1064,1065,1066
3397:1045,1046,1047,1042,1043,1044
3400:1067,1068,1069,1070
3405:1053,1054,1052,1071,1049,1048,1050
3406:1049,1048,1050,1051,1053,1054,1052
3424:1072
3427:1073
3431:1074
3436:1075
3440:1076
3442:1077
3460:1078,1079
3463:1080
3464:1081,1082,1083
3465:1084
3469:1085
3471:1086
3478:1087
3482:1088
3493:1089
3569:1090
3574:1091
3576:1092
3585:1093
3587:1094
3591:1095
3596:1096
3651:1097
3655:1098
3937:1099,1100
3938:1101,1102
3939:1103,1104,1105
3941:1106,1107
3947:1108,1109,1110,1111,1112
3958:1113,1114
3973:1115
3976:1116,1117,1118
3977:1113,1114
3984:1119,1107,1106
3985:1120,1121,1122
3986:1123
3987:1124
3988:1125
3989:1126
3990:1127,1128,1129
3993:1130,1115
3995:1103,1104,1105
4060:1118,1117
4061:1131,1132
4063:1133,1134
4064:1135,1136
4065:1137
4069:1138,1139
4071:1140,1141
4074:1142
4076:1143
4083:1133,1134
4084:1144,1145
4085:1146
4086:1147
4096:1148,1149
4101:1150,1151
4107:1152,1153
4112:1139,1154,1138
4113:1155,1156
4114:1157,1158,1159
4116:1160,1161
4117:1135,1136
4118:1137,1162
4119:1153,1152
4134:1163
4161:1164
4208:1165
4223:1166
4252:1167
4296:1168
4347:1169
4350:1170
4432:1171,1172,1173,1174
4433:1175,1176
4434:1177
4442:1178,1179,1180,1181,1182,1183,1184,1185,1186
4443:1180,1181,1182,1178,1179,1183,1184,1185
4450:1187,1188
4451:1189,1190,1191,1192,1193,1194,1195,1196
4452:1197,1198
4453:1199,1200
4454:1201,1202
4455:1203,1204
4456:1205,1206
4457:1207,1208
4470:1180,1181,1182,1178,1179,1183,1184,1185
4472:1188,1187
4473:1198,1197
4474:1200,1199
4475:1204,1203
4476:1204,1203
4477:1206,1205
4478:1208,1207
4485:1209,1210,1211
4488:1188,1187
4489:1187,1188
4491:1212,1213
4495:1213,1214,1212
4496:1215,1216,1217
4497:1218,1219,1220
4499:1221,1222,1223
4500:1224,1225
4502:1226,1227,1228
4503:1229,1230,1231
4506:1232,1233,1234
4508:1235,1193,1194,1195,1189,1190,1191
4509:1236,1237
4510:1238,1239
4511:1239,1238
4513:1240,1241,1242,1243
4520:1244,1245
4521:1246,1245,1244
4523:1247,1248,1249
4524:1250,1251,1252
4528:1253,1254
4529:1254,1253
4530:1255,1256,1257
4536:1258
4537:1259,1260
4540:1261
4542:1262,1251,1250
4543:1263,1264,1265
4545:1266
4546:1266
4558:1267
4566:1268,1269
4567:1270
4568:1271
4570:1272,1273,1274,1275
4571:1276,1277
4611:1278,1279
4652:1280,1281,1282
4653:1283,1284,1285
4654:1286,1287
4657:1288,1289,1290,1291,1292,1293,1294,1295,1296,1297
4660:1298,1299,1300
4661:1301,1302,1303
4662:1304,1305,1306
4663:1307
4664:1308,1309,1310
4670:1311
4671:1312,1313
4672:1314
4673:1315,1316,1317
4674:1318,1319
4677:1320
4693:1321
4710:1322,1323,1324,1325,1326
4713:1300,1327,1298
4728:1328,1329,1330
4738:1331
4757:1332,1333
4769:1334
4772:1335
4774:1321
4775:1336,1337
4776:1337,1336
4777:1338
4778:1339,1340,1341,1342,1343,1344,1345
4794:1346,1285,1283
4795:1286,1287
4799:1347,1348
4800:1349,1350
4802:1351,1352
4803:1352,1351
4806:1353
4808:1335,1354
4809:1355,1309,1308
4810:1356
4811:1357,1358,1359
4812:1359,1360,1357
4813:1361,1362,1363
4814:1363,1364,1361
4815:1365,1366,1367
4827:1368,1369,1370
4828:1371,1370,1368
4830:1372
4834:1373,1374
4835:1374,1375,1373
4836:1376,1377,1378
4837:1378,1377
4844:1379,1380,1381
4845:1382,1383
4847:1384,1385
4848:1386,1387,1388
4853:1389,1390
4854:1391,1392,1393
4869:1394,1395
4870:1396
4871:1397
4872:1398
4873:1399
4874:1400,1401,1402
4875:1403,1404,1405
4876:1406,1407,1408
4878:1409,1410,1411,1412
4882:1413
4883:1414,1415,1416
4888:1417
4891:1323,1324,1322
4892:1418,1419,1420,1421,1422,1423,1424,1425
4893:1426
4895:1426
4896:1427
4897:1428
4898:1429
4902:1430
4904:1431
4911:1432
4914:1433
4925:1434
4928:1435
4936:1436
4942:1437
4950:1438,1439,1440,1425
4954:1441,1442
4955:1443,1444
4957:1445,1446
4958:1447,1448,1449
4960:1450
4970:1451,1452
4973:1453
4975:1454,1455,1456,1424,1423,1420,1419
4977:1457,1458
4979:1459
4991:1460
4993:1461
4994:1462
4998:1463,1464
5005:1464,1463
5006:1465,1466
5025:1467
5026:1468
5038:1469
5039:1470,1471
5040:1472,1473
5041:1474
5042:1475
5043:1476
5044:1477
5045:1478
5049:1479,1480
5054:1481
5067:1482
5069:1483,1484
5111:1485
5118:1486,1487
5119:1487,1486
5123:1488,1489
5147:1490,1491
5158:1492
5327:1493
5328:1494
5329:1495,1496,1497
5332:1498,1499
5333:1500,1501
5334:1501,1500
5335:1495,1496,1497
5377:1502
5491:1503,1504,1505
5505:1506,1507
5506:1508,1509,1510,1511,1512
5509:1513,1514
5510:1515
5511:1516
5513:1508,1509,1510,1511,1512
5519:1517,1518,1519
5522:1520,1521
5527:1522
5528:1523
5530:1503,1504,1505
5547:1524
5552:1525,1526
5559:1527
5564:1528
5577:1529,1530
5583:1531,1532
5603:1532,1531
5606:1532,1531
5613:1533,1534
5616:1535,1536,1537
5617:1538,1539,1540,1541
5618:1542,1543,1544
5619:1545,1546,1547
5620:1548,1549
5621:1542,1543,1544
5622:1550,1551
5623:1552,1553
5624:1551,1550
5625:1551,1550
5626:1554,1555
5627:1554,1555
5628:1556,1557
5629:1555,1554
5635:1558,1559,1560
5637:1561,1562
5638:1562,1561
5647:1563,1564
5648:1563,1564
5649:1565,1566,1567,1568,1569
5650:1568,1569,1566,1567,1565
5671:1570
5674:1571
5675:1572
5678:1573,1574,1575,1576,1577
5694:1578
5698:1579
5699:1580
5700:1581,1582,1583,1584
5715:1585,1586,1587
5717:1588
5718:1589,1590
5728:1591,1592
5730:1593,1594,1595,1596
5733:1597,1598
5739:1599,1600,1601
5740:1602,1603,1604
5741:1605,1606,1607
5742:1608,1609,1610,1611
5744:1612
5745:1613,1614,1615,1616,1617
5749:1618,1619,1620
5750:1621,1622,1623
5751:1624,1625
5752:1626,1627,1628
5753:1629,1630,1631,1632,1633
5765:1634,1635,1636,1637,1638,1639,1640,1641
5773:1642,1643,1644
5774:1644,1645,1642
5781:1646,1647,1648
5782:1649,1650,1651,1652,1653,1654,1655,1656,1657
5783:1658,1659,1660
5786:1661,1662,1663
5787:1664,1665,1666,1667,1668,1669,1670,1671
5788:1672,1673,1674
5789:1675,1676,1677
5790:1678
5793:1679,1680,1681,1682
5795:1683,1684,1685,1686
5809:1687,1688,1689
5810:1690,1691,1692
5812:1693,1694,1695,1696,1697,1698,1699,1700,1701,1702
5818:1703,1704
5822:1705,1706,1707
5823:1708,1709,1710,1711
5824:1712,1713,1711,1708
5825:1714,1715,1716
5828:1717,1718
5833:1719,1720,1721,1722,1723,1724
5839:1725,1726,1727
5851:1728
5853:1729,1730,1731
5854:1730,1729
5879:1732,1733,1734,1735,1736,1737,1738
5880:1736,1737,1738,1739,1740,1733,1734,1735
5895:1741,1742,1743
5896:1744,1745,1746
5903:1747,1748,1749
5904:1750,1751,1752
5905:1753,1754,1755
5906:1756,1757
5907:1758,1759,1760
5910:1761,1762,1763,1764
5911:1765,1766,1767
5912:1768,1769,1770,1771
5913:1771,1772,1773,1770,1769
5914:1774,1775
5916:1776
5918:1612
5919:1612
5920:1777,1778,1779,1780,1781,1782,1783,1784,1785
5921:1780,1778,1777,1779,1783,1781,1782,1784
5923:1786,1787,1788,1789,1790,1791,1792
5924:1793,1790,1789,1791,1788,1786,1787
5925:1794,1795,1796,1797
5926:1798,1799
5930:1800,1801
5931:1802,1803,1804
5932:1805,1806,1807
5939:1808,1809,1810,1811,1812,1813,1814
5941:1815,1816,1817,1818,1819,1820,1821,1822
5956:1823,1824,1825
5972:1826
5974:1827,1828,1829,1830,1831
5975:1832,1833,1834,1835,1836,1837,1838
5978:1839
5986:1840,1841,1842,1843
5987:1842,1843,1841
5990:1844,1845
5991:1846,1847,1848
5993:1849,1850,1851,1852
5995:1853,1854,1855,1856
6000:1857,1858,1859,1860,1861,1862
6001:1863,1864,1865
6004:1866,1867,1868
6005:1868,1866,1867
6007:1869
6009:1870
6010:1871,1872,1873
6016:1874,1875,1876
6025:1877
6029:1878
6030:1879
6031:1880
6032:1881,1882,1883
6035:1884,1612
6036:1885
6039:1886
6040:1887
6042:1888
6043:1889
6044:1890,1891
6047:1892
6048:1893
6049:1894
6050:1895,1896
6051:1895
6052:1896
6053:1897
6055:1898,1899,1900
6057:1901
6064:1902
6065:1903
6067:1904,1905
6068:1906,1907
6069:1908,1909
6082:1910
6084:1911
6086:1912
6088:1913,1914
6098:1915,1916,1917
6099:1918
6102:1919
6104:1920
6105:1921
6113:1922,1923,1924,1925
6118:1926,1927,1928
6136:1929,1930,1931
6137:1932,1933,1934,1935
6142:1936,1937
6143:1938,1939,1940,1941,1942,1943,1944
6147:1945,1946,1947
6149:1948,1949
6151:1950,1951,1952,1953,1954,1955,1956
6153:1957,1958,1959,1960,1961,1962,1963
6154:1964,1965,1966
6155:1967,1968,1969
6156:1970,1971,1972,1973,1974,1975,1976
6157:1977,1978,1979
6160:1980,1981
6161:1981,1980
6199:1931,1930
6238:1966,1982,1964
6239:1969,1983,1967
6240:1984,1973,1974,1975,1970,1971,1972
6241:1961,1962,1963,1985,1957,1958,1959
6246:1986,1987,1988,1989
6247:1990,1991,1992,1993
6252:1994,1995,1996
6253:1997
6254:1998,1999,2000,2001,2002,2003,2004
6257:2005,2006
6258:2006,2007,2005
6263:2008,2009,2010,2011
6264:2012,2013,2014
6266:2015,2016,2017
6267:2018,2019,2020
6268:2021,2022
6276:2023,2024,2025
6277:2026,2027,2028
6278:2029,2030
6279:2031,2032,2033
6280:2034,2035,2036,2037,2038
6281:2039,2040,2041,2042,2043,2044,2045
6282:2046,2047,2048,2049
6289:2050,2051,2052
6290:2053,2054
6291:2055,2056
6292:2057,2058,2059
6293:2060,2061,2062
6294:2063,2064,2065
6295:2066,2067,2068,2069,2070,2071,2072
6297:2073,2074,2075
6298:2076,2077,2078
6299:2079,2080,2081,2082,2083,2084,2085
6305:2086,2087,2088,2089,2090,2091,2092
6306:2070,2071,2072,2093,2066,2067,2068
6309:2094
6310:2095,2096,2097,2098,2099
6311:2100
6312:1791,1789,1790,2101,1787,1786,1788
6315:2102,2103,2104
6321:2105
6324:2106,2107
6345:2078,2108,2076
6348:2109,2110,2111,2112,2113
6349:2113,2111,2112,2114,2110,2109
6359:2115,2116
6360:2116,2115,2117
6361:2118,2119,2120,2121,2122,2123,2124,2125,2126,2127,2128,2129
6362:2130,2131,2132,2133,2134,2135,2136
6363:2132,2130,2131,2133,2134,2135
6364:2134,2135,2133,2132,2130,2131
6367:2137,2138,2139,2140,2141,2142,2143
6375:2144,2145,2146
6376:2146,2145
6384:2147,2148,2149,2150
6388:2059,2057
6392:2151,2152,2153,2154,2155
6397:2156,2157,2136
6398:2158,2159,2160,2161
6401:2162,2163,2164
6403:2165,2166,2167,2168,2169,2170,2171
6408:2172,2173,2174
6410:2175,2176
6413:2177,2178
6414:2179
6416:2117,2180,2116
6417:2181,2182,2183
6428:2184,2185,2186,2187
6429:2188
6431:2189,2190,2191,2192
6432:2193,2194,2195
6433:2196,2197,2198,2199,2200
6437:2201,2202,2203
6441:2204,2205,2206,2207,2208,2209,2210
6444:2211
6445:2212,2203,2202
6452:2213,2214
6464:2215,2216,2217
6468:2218,2219,2220
6472:2221,2222,2223
6473:2224,2225,2226,2227,2228,2229,2230
6475:2231,2232,2233
6476:2234,2235
6478:2236,2237
6480:2238
6493:2239,2240,2241
6494:2242,2243,2244,2245
6495:2246,2247,2248
6509:2249,2250,2251
6511:2252,2253,2254,2255,2256
6521:2257,2258,2259
6530:2260
6535:2261,2262,2263
6551:2264,2265,2266,2267,2268
6552:2269,2270
6553:2271
6554:2272
6555:2273,2274,2275
6556:2276,2277,2278
6557:2279,2280,2281
6558:2282,2283,2284
6559:2285,2286,2287
6560:2288,2289,2290
6562:2291,2292,2293
6564:2291,2293,2292
6576:2294,2295,2296,2297
6577:2297,2294,2295
6578:2298,2299
6579:2300,2301,2302
6582:2303
6584:2133,2134,2135,2304
6586:2305,2306,2307,2308,2309,2310,2311,2312
6587:2312,2311,2313,2314,2305,2306,2307,2308,2315
6588:2316,2317,2318,2319
6590:2320,2321,2322,2323
6592:2324
6593:2325,2326,2327,2328
6594:2325,2326,2327,2329
6595:2327,2325,2329
6596:2330,2331,2332,2333,2334
6597:2335,2336,2337
6598:2338,2339,2340
6599:2341,2342
6600:2343,2344
6602:2345,1935,1932,1933
6603:2346,2347
6618:2348
6623:2349,2350,2351
6629:2352,2353,2354,2355
6630:2356
6631:2356
6632:2357
6642:2358,2359,2360,2361
6643:2362,2363,2364
6644:2365
6645:2366,2367
6646:2368,2369
6648:2370
6649:2371
6650:2372,2373
6651:2374
6655:2375,2376,2377,2378,2379,2380
6657:2381
6658:2382
6659:2383,2384,2385
6660:2386,2387,2388
6663:2389
6665:2390,2391
6666:2392,2393
6670:2391,2390
6671:2394,2395,2396
6676:2397
6677:2398
6678:2398
6679:2399
6689:2400,2401
6690:2402,2403,2404
6691:2405,2406,2407
6692:2408,2409
6693:2410,2411,2412
6711:2413,2414
6712:2414,2413
6713:2415
6714:2415
6716:2416
6717:2417,2418
6718:2419,2420,2421,2422
6719:2423,2424
6720:2425,2426
6721:2424,2427,2423
6722:2426,2425
6724:2428,2429
6727:2430,2431
6739:2432,2433,2434
6740:2435,2436,2437
6741:2437,2438,2435
6743:2439,2440
6744:2441,2442,2443
6745:2444,2445,2446
6748:2447,2448,2449
6751:2450,2451
6756:2452
6758:2453,2454
6761:2455,2456
6762:2457,2458
6767:2459,2460
6770:2461,2462,2463
6771:2464
6773:2465
6775:2466,2467,2468
6776:2469,2470,2471
6781:2472,2473
6782:2474,2475
6783:2476
6799:2477
6800:2478,2479
6803:2480,2481,2482,2483
6806:2484
6810:2485
6816:2486,2487,2488
6817:2489,2488,2486
6818:2490,2491,2492
6821:2472,2473
6822:2493
6823:2494,2495
6824:2496,2497
6825:2496,2498
6826:2496
6827:2499,2500,2501
6828:2500,2499,2501
6834:2502
6835:2502
6841:2503
6844:2504
6845:2505,2506
6847:2507
6850:2508
6851:2509
6865:2510,2511,2512
6871:2513
6872:2514,2515
6874:2516
6875:2516
6876:2517,2518
6878:2519,2520
6879:2521,2522
6880:2523,2524,2525
6881:2517,2518
6882:2526
6883:2527
6884:2528,2529
6885:2530,2531
6886:2532
6887:2533,2534
6888:2535
6889:2536,2537
6891:2538
6892:2538
6898:2539,2540
6901:2541
6902:2542,2543
6903:2544
6905:2545,2546
6906:2547,2548
6907:2549
6908:2550
6909:2547
6910:2551,2552
6911:2553,2554
6912:2555,2556,2557
6913:2558,2559,2560
6914:2528,2561,2529
6915:2525,2524
6916:2562,2563,2564,2565,2566,2567,2568
6917:2567,2564,2565,2562,2563,2568
6919:2566,2562,2563,2564,2565
6923:2569,2570,2571
6924:2572
6928:2573
6929:2574
6930:2575
6931:2576
6936:2577
6944:2578
6951:2579
6952:2580
6953:2581
6954:2582
7154:2583,2584,2585
7155:2586,2587
7156:2588,2589,2590,2591,2592,2593,2594,2595
7157:2596,2597,2598
7158:2599,2600
7159:2601,2602,2603
7165:2604,2605,2606,2607
7166:2608,2609,2610
7167:2611,2612
7168:2613,2614,2615
7174:2616,2617,2618,2619,2620,2621
7175:2622,2623,2624,2625,2626,2627,2628
7180:2629,2630,2631,2632,2633,2634,2635,2636
7186:2637,2638,2639,2640
7189:2636,2634,2633,2632,2631,2630,2629
7196:2641,2642,2643
7197:2643,2644,2641
7198:2645,2646,2647
7201:2621,2620,2619,2618,2617,2616
7202:2648,2649,2650
7203:2651,2652,2653,2654,2655,2656,2657,2658
7204:2659,2660,2661
7209:2662,2663,2664
7212:2624,2623,2622,2665,2628,2627,2626
7219:2666,2667,2668
7224:2669,2670,2671,2672,2673
7229:2674,2675
7240:2676,2677,2678
7256:2679,2680,2681,2682,2683,2684,2685,2686,2687
7257:2684,2685,2686,2687,2688,2679,2680,2681,2682
7266:2689,2690
7267:2690,2689
7278:2691,2692,2693,2694,2695,2696,2697
7279:2694,2693,2692,2691,2697,2696,2695
7288:2698,2699,2700
7294:2701,2702,2703
7295:2703,2702,2704
7296:2705,2706,2707
7297:2707,2705,2708
7298:2709,2710,2711
7299:2712,2713
7300:2714,2715
7303:2716,2717,2718
7304:2718,2719,2716
7307:2720
7308:2721,2722,2723,2724,2725,2726
7331:2727,2728,2729
7332:2730,2731
7333:2732,2733
7335:2734,2735
7336:2735,2734
7337:2736,2737,2738
7340:2739,2740,2741
7345:2742,2743,2744,2745
7346:2746,2747,2748
7349:2749,2750,2751,2752,2753,2754,2755
7350:2753,2754,2755,2756,2750,2751,2752
7351:2757,2758,2759
7356:2760,2761,2762
7357:2763,2764
7358:2765,2766
7376:2767,2768
7378:2769,2770,2771
7382:2772,2773,2774
7399:2775,2776,2777
7401:2778,2779,2780
7402:2779,2781,2778,2780
7403:2782,2783,2784
7411:2785,2786,2787,2788
7415:2789,2790,2791,2792,2793
7417:2794,2795
7418:2796,2797,2798,2799,2800
7419:2801,2802,2803,2804
7420:2803,2804,2801
7427:2805
7428:2806,2807,2808,2809
7429:2810
7431:2811,2812,2813
7433:2814,2815,2816
7434:2817,2818,2819
7450:2820,2821
7452:2822,2823
7455:2824,2825,2826,2827,2828,2829,2830,2831
7456:2832
7457:2833,2834,2835
7458:2836,2837,2838
7459:2839,2840,2841
7460:2841,2839,2840
7461:2842,2843,2844
7476:2845,2846,2847
7477:2847,2848,2845
7483:2849,2850
7486:2851,2852
7489:2835,2853,2833
7490:2854,2844,2842
7494:2855,2856,2857,2858
7505:2859,2860,2861
7506:2862,2863,2864
7512:2865
7513:2866
7514:2867
7516:2868
7519:2869,2870,2871
7520:2871,2872,2870,2869
7522:2873,2874,2875,2876
7523:2877
7524:2878,2879,2880
7526:2881,2882,2883
7532:2884,2885,2886
7533:2886,2887,2884
7534:2888
7538:2889
7546:2890,2891,2892,2893
7549:2894,2895,2896
7552:2897
7555:2898,2899,2900
7557:2901
7561:2902,2903,2904
7564:2905
7581:2906,2907,2908
7582:2774,2909,2772
7586:2910,2911,2912
7587:2912,2910
7594:2913,2914
7595:2915,2916
7597:2917,2918,2919
7605:2920
7610:2921,2922,2923
7628:2924,2925,2926
7643:2927,2928
7644:2927,2928
7645:2929,2930
7646:2929,2930
7652:2931,2932
7662:2933
7663:2934,2935,2936
7671:2937
7673:2938,2939,2940
7674:2941,2942
7697:2943
7699:2944,2945
7758:2946
7761:2947,2948,2949
7814:2950
7819:2951,2952
#N
2n 6n 11n 12n 17n 19n 41n 49n 51n 52n 80n 92n 99n 103n 110n 113n 114n 116n 117n 118n 136n 137n 138n 145n 152n 153n 155n 156n 160n 161n 162n 164n 166n 171n 172n 173n 174n 175n 207l 308n 321n 323n 362n 377n 378n 379n 380n 395l 423l 428n 429n 430n 441n 511n 556n 786n 787n 788n 794n 799n 811n 814n 824n 839n 842n 879n 881n 884n 893n 894n 895n 929n 930n 937n 938n 939n 952n 953n 954n 957n 959n 962n 963n 966n 972n 973l 975n 979n 986n 987n 997n 999n 1001n 1006n 1014n 1017n 1026n 1027n 1033n 1037n 1039n 1088n 1097n 1124n 1143n 1144n 1151l 1153n 1154n 1209n 1212n 1217n 1223n 1225n 1228n 1231n 1234n 1253n 1254n 1276n 1277n 1282l 1283n 1292n 1293n 1294n 1297n 1305n 1308l 1315n 1324n 1325n 1326n 1327n 1332n 1336n 1338n 1339n 1342n 1358n 1360n 1363n 1370n 1378n 1379n 1389l 1390n 1391n 1425n 1441n 1524n 1525n 1529n 1530l 1531n 1532n 1533n 1536n 1543n 1548n 1553n 1556n 1574n 1592n 1601n 1610n 1613n 1615n 1622n 1628n 1629n 1641n 1643n 1645n 1646n 1651n 1654n 1655n 1673n 1682n 1683n 1689n 1690n 1691n 1692n 1694n 1696n 1698n 1708n 1709n 1713n 1715n 1724l 1744n 1750n 1765l 1769n 1795n 1815n 1820l 1825n 1830n 1831l 1838n 1854n 1862l 1888l 1901n 1907n 1908n 1917n 1920n 1935n 1936l 1949n 1958n 1961n 1964n 1967n 1977n 1978n 1980n 1984n 1991n 1992n 1993n 1994l 1997n 2002n 2015l 2017n 2020n 2029l 2030l 2031n 2032n 2033l 2034l 2036n 2037n 2038n 2039n 2040n 2041n 2042n 2043n 2053l 2064n 2076n 2077n 2080n 2081n 2082n 2083n 2091l 2308n 2309n 2329n 2377n 2407n 2411n 2413n 2414n 2417n 2418n 2428n 2438n 2443n 2454l 2462n 2473n 2535n 2662n 2696n 2781n 2782n 2833n 2842n 2920n 2949n 2953n 2954n 2955n 2957n 2987n 2995n 2996n 2998n 3012n 3110n 3127n 3137l 3138n 3140n 3151n 3153n 3154n 3156n 3158n 3199n 3255n 3259n 3263n 3268l 3270n 3271n 3276n 3284n 3285n 3294n 3359n 3361n 3372n 3383n 3384n 3394n 3437n 3448n 3453n 3454n 3456n 3458n 3462n 3480n 3575n 3581n 3584n 3606n 3610n 3643n 3706n 3930n 3942n 3950n 3952n 3966n 3981n 4066n 4111n 4175n 4182n 4183n 4191n 4242n 4259n 4311n 4341n 4363n 4364n 4367n 4431n 4444n 4484n 4486l 4487n 4490n 4493n 4498n 4541n 4549l 4550n 4553n 4554n 4573l 4687n 4745n 4746n 4750n 4779n 4780n 4831n 4840n 4841n 4842n 4843n 4851f 4852f 4863n 4864n 4865n 4866n 4894n 4908n 4913n 4933n 4938n 4941n 4956n 4974n 4981n 4985n 4986l 4992n 4996n 5024n 5046n 5053n 5056n 5065n 5066n 5070n 5071n 5072n 5073n 5074n 5075n 5076n 5077n 5078n 5079n 5080n 5157n 5160n 5308n 5507n 5516n 5517l 5518l 5533n 5554n 5569n 5570n 5576n 5608n 5609n 5610n 5614n 5615n 5631n 5632n 5633n 5636l 5639n 5640n 5642n 5643l 5645n 5646n 5654n 5666n 5676n 5677n 5680n 5682n 5683n 5685n 5688n 5689n 5696n 5703n 5705n 5706n 5707n 5710n 5712n 5713n 5714n 5719n 5721n 5722n 5725n 5726n 5729l 5772l 5780l 5799n 5808l 5811n 5832n 5959n 5965n 5966n 5967n 5968n 5973n 5992l 5999n 6096n 6101n 6103n 6106n 6120n 6434n 6479n 6513n 6515n 6561n 6583n 6625l 6667n 6668n 6669n 6675n 6705n 6707n 6709n 6715n 6723n 6725n 6726n 6730n 6742n 6768n 6769n 6777l 6779n 6784n 6807n 6840n 6842n 6843n 6848n 6849n 6857n 6862l 6864n 6866n 6868n 6869n 6873n 6904l 6927n 6937n 6938n 6939l 6940l 6941l 6957n 7221l 7341n 7342n 7451n 7550n 7551n 7556n 7562n 7588l 7593n 7622n 7625l 7686n 7706n 7707n 7708n 7709n 7710n 7711n 7721n 7724n 7734n 7735n 7778n 7781n 7798n 7799n 7800n 7801n 7803n 7807n 7812n
#END
